order_id,customer_id,order_status,order_date,required_date,shipped_date,store_id,staff_id
1,259,4,01-01-16,01-03-16,01-03-16,1,2
2,1212,4,01-01-16,01-04-16,01-03-16,2,6
3,523,4,01-02-16,01-05-16,01-03-16,2,7
4,175,4,01-03-16,01-04-16,01-05-16,1,3
5,1324,4,01-03-16,01-06-16,01-06-16,2,6
6,94,4,01-04-16,01-07-16,01-05-16,2,6
7,324,4,01-04-16,01-07-16,01-05-16,2,6
8,1204,4,01-04-16,01-05-16,01-05-16,2,7
9,60,4,01-05-16,01-08-16,01-08-16,1,2
10,442,4,01-05-16,01-06-16,01-06-16,2,6
11,1326,4,01-05-16,01-08-16,01-07-16,2,7
12,91,4,01-06-16,01-08-16,01-09-16,1,2
13,873,4,01-08-16,01-11-16,01-11-16,2,6
14,258,4,01-09-16,01-11-16,01-12-16,1,3
15,450,4,01-09-16,01-10-16,01-12-16,2,7
16,552,4,01-12-16,01-15-16,01-15-16,1,3
17,1175,4,01-12-16,01-14-16,01-14-16,1,3
18,541,4,01-14-16,01-17-16,01-15-16,1,3
19,696,4,01-14-16,01-17-16,01-16-16,1,2
20,923,4,01-14-16,01-16-16,01-17-16,1,2
21,1250,4,01-15-16,01-16-16,01-18-16,2,6
22,1035,4,01-16-16,01-18-16,01-17-16,1,2
23,1149,4,01-16-16,01-19-16,01-19-16,1,2
24,636,4,01-18-16,01-20-16,01-19-16,2,7
25,657,4,01-18-16,01-21-16,01-21-16,2,6
26,1280,4,01-18-16,01-21-16,01-19-16,2,7
27,57,4,01-19-16,01-21-16,01-20-16,2,7
28,252,4,01-19-16,01-20-16,01-21-16,2,6
29,437,4,01-20-16,01-22-16,01-21-16,2,6
30,1348,4,01-20-16,01-21-16,01-21-16,2,6
31,1238,4,01-20-16,01-22-16,01-22-16,3,8
32,1259,4,01-21-16,01-24-16,01-22-16,1,3
33,236,4,01-21-16,01-22-16,01-22-16,2,6
34,80,4,01-22-16,01-25-16,01-23-16,2,6
35,813,4,01-22-16,01-25-16,01-24-16,2,7
36,1321,4,01-23-16,01-24-16,01-24-16,2,6
37,164,4,01-25-16,01-28-16,01-26-16,2,6
38,583,4,01-25-16,01-27-16,01-26-16,2,7
39,1296,4,01-25-16,01-26-16,01-26-16,2,7
40,348,4,01-27-16,01-28-16,01-29-16,1,3
41,979,4,01-27-16,01-30-16,01-29-16,2,6
42,1095,4,01-27-16,01-28-16,01-30-16,2,7
43,1434,4,01-27-16,01-28-16,01-30-16,2,7
44,861,4,01-28-16,01-31-16,01-30-16,2,7
45,1220,4,01-28-16,01-31-16,01-31-16,2,7
46,746,4,01-29-16,01-31-16,01-31-16,2,7
47,1234,4,01-29-16,01-30-16,01-31-16,2,7
48,1012,4,01-30-16,02-01-16,02-02-16,2,7
49,608,4,01-31-16,02-01-16,02-02-16,2,6
50,872,4,01-31-16,02-03-16,02-02-16,3,8
51,1047,4,02-01-16,02-02-16,02-03-16,2,7
52,767,4,02-03-16,02-04-16,02-05-16,1,2
53,965,4,02-03-16,02-04-16,02-05-16,2,6
54,535,4,02-04-16,02-07-16,02-07-16,2,7
55,1173,4,02-04-16,02-07-16,02-06-16,2,6
56,1241,4,02-04-16,02-06-16,02-07-16,2,6
57,1305,4,02-04-16,02-06-16,02-06-16,2,7
58,504,4,02-05-16,02-07-16,02-07-16,2,6
59,563,4,02-05-16,02-07-16,02-06-16,2,7
60,151,4,02-06-16,02-08-16,02-07-16,1,3
61,277,4,02-06-16,02-09-16,02-09-16,2,7
62,208,4,02-07-16,02-10-16,02-10-16,1,2
63,1075,4,02-07-16,02-09-16,02-09-16,2,7
64,1185,4,02-07-16,02-08-16,02-09-16,2,6
65,996,4,02-08-16,02-09-16,02-11-16,2,6
66,1253,4,02-09-16,02-12-16,02-12-16,2,7
67,526,4,02-09-16,02-11-16,02-10-16,3,8
68,381,4,02-10-16,02-11-16,02-13-16,2,6
69,1413,4,02-10-16,02-12-16,02-11-16,2,7
70,50,3,02-11-16,02-11-16,,3,9
71,797,4,02-11-16,02-14-16,02-12-16,2,7
72,1386,4,02-12-16,02-15-16,02-13-16,1,2
73,612,4,02-12-16,02-15-16,02-14-16,2,7
74,264,4,02-13-16,02-15-16,02-15-16,2,7
75,587,4,02-14-16,02-15-16,02-17-16,2,6
76,9,3,02-16-16,02-16-16,,2,6
77,385,4,02-16-16,02-19-16,02-19-16,1,2
78,1182,4,02-16-16,02-18-16,02-19-16,2,7
79,529,4,02-17-16,02-20-16,02-20-16,1,3
80,397,4,02-17-16,02-20-16,02-19-16,2,6
81,521,4,02-17-16,02-19-16,02-18-16,2,6
82,1223,4,02-18-16,02-21-16,02-20-16,2,6
83,393,4,02-19-16,02-20-16,02-20-16,1,3
84,317,4,02-20-16,02-22-16,02-21-16,2,7
85,1174,4,02-20-16,02-23-16,02-21-16,2,7
86,276,4,02-21-16,02-22-16,02-23-16,2,7
87,516,4,02-21-16,02-22-16,02-23-16,2,6
88,1069,4,02-21-16,02-22-16,02-23-16,2,6
89,668,4,02-21-16,02-24-16,02-24-16,3,8
90,414,4,02-23-16,02-25-16,02-24-16,2,7
91,648,4,02-25-16,02-27-16,02-28-16,1,2
92,1309,4,02-25-16,02-28-16,02-28-16,2,7
93,1328,4,02-26-16,02-28-16,02-27-16,1,3
94,929,4,02-27-16,02-28-16,02-29-16,1,2
95,218,4,02-27-16,02-29-16,02-28-16,2,7
96,1094,4,02-27-16,02-29-16,02-28-16,2,7
97,204,4,02-28-16,02-29-16,03-01-16,2,7
98,1194,4,02-28-16,02-29-16,02-29-16,2,6
99,1165,4,02-29-16,03-01-16,03-03-16,3,9
100,1237,4,03-01-16,03-04-16,03-03-16,2,7
101,271,4,03-01-16,03-04-16,03-04-16,3,8
102,336,4,03-02-16,03-05-16,03-03-16,2,7
103,991,4,03-03-16,03-06-16,03-05-16,1,2
104,7,4,03-03-16,03-05-16,03-05-16,2,7
105,306,4,03-03-16,03-05-16,03-04-16,2,7
106,422,4,03-04-16,03-05-16,03-05-16,3,9
107,633,4,03-06-16,03-09-16,03-09-16,1,2
108,12,4,03-06-16,03-09-16,03-07-16,2,6
109,1255,4,03-06-16,03-09-16,03-09-16,2,6
110,677,4,03-06-16,03-08-16,03-09-16,3,9
111,630,4,03-07-16,03-10-16,03-10-16,2,6
112,469,4,03-08-16,03-11-16,03-10-16,2,6
113,1078,4,03-08-16,03-11-16,03-11-16,2,6
114,1431,4,03-08-16,03-10-16,03-11-16,2,7
115,1369,4,03-09-16,03-11-16,03-11-16,2,7
116,471,4,03-10-16,03-11-16,03-11-16,2,7
117,740,4,03-10-16,03-13-16,03-11-16,2,6
118,577,4,03-12-16,03-14-16,03-13-16,1,2
119,925,4,03-12-16,03-14-16,03-14-16,2,7
120,327,4,03-14-16,03-15-16,03-17-16,2,7
121,755,4,03-14-16,03-15-16,03-16-16,2,6
122,786,4,03-14-16,03-16-16,03-15-16,2,6
123,766,4,03-15-16,03-18-16,03-17-16,2,6
124,403,4,03-16-16,03-18-16,03-17-16,1,3
125,685,4,03-16-16,03-19-16,03-17-16,2,6
126,1365,4,03-16-16,03-18-16,03-18-16,2,7
127,484,4,03-17-16,03-18-16,03-19-16,3,8
128,86,4,03-18-16,03-20-16,03-21-16,2,6
129,84,4,03-19-16,03-21-16,03-21-16,2,7
130,1049,4,03-19-16,03-22-16,03-20-16,2,6
131,316,4,03-19-16,03-22-16,03-20-16,3,8
132,46,4,03-20-16,03-22-16,03-23-16,1,3
133,409,4,03-20-16,03-22-16,03-21-16,2,7
134,679,4,03-20-16,03-21-16,03-21-16,2,7
135,1354,4,03-21-16,03-23-16,03-23-16,2,7
136,1192,4,03-21-16,03-24-16,03-23-16,3,8
137,370,4,03-23-16,03-26-16,03-25-16,2,7
138,438,4,03-23-16,03-24-16,03-25-16,2,7
139,710,4,03-23-16,03-24-16,03-26-16,2,7
140,1264,4,03-23-16,03-26-16,03-26-16,2,7
141,557,4,03-25-16,03-27-16,03-26-16,2,7
142,170,4,03-26-16,03-27-16,03-27-16,1,3
143,693,4,03-26-16,03-28-16,03-28-16,2,7
144,1124,4,03-26-16,03-29-16,03-29-16,2,7
145,366,4,03-27-16,03-29-16,03-30-16,2,6
146,288,4,03-28-16,03-30-16,03-30-16,1,3
147,55,4,03-28-16,03-31-16,03-31-16,2,7
148,714,4,03-28-16,03-30-16,03-30-16,2,6
149,763,4,03-28-16,03-30-16,03-29-16,2,6
150,332,4,03-29-16,03-31-16,04-01-16,1,2
151,926,4,03-29-16,04-01-16,03-31-16,1,2
152,76,4,03-29-16,03-30-16,03-30-16,2,6
153,498,4,03-30-16,04-02-16,04-01-16,2,6
154,1286,4,03-31-16,04-01-16,04-01-16,1,2
155,371,4,04-02-16,04-03-16,04-04-16,2,6
156,357,4,04-03-16,04-06-16,04-05-16,1,3
157,43,4,04-03-16,04-06-16,04-06-16,3,8
158,117,3,04-04-16,04-04-16,,3,9
159,32,4,04-04-16,04-06-16,04-06-16,1,2
160,205,4,04-04-16,04-06-16,04-06-16,2,7
161,251,4,04-04-16,04-07-16,04-05-16,2,7
162,31,4,04-06-16,04-08-16,04-07-16,1,3
163,1325,4,04-06-16,04-07-16,04-07-16,2,7
164,610,4,04-07-16,04-08-16,04-09-16,2,7
165,574,4,04-08-16,04-10-16,04-10-16,1,3
166,338,4,04-08-16,04-11-16,04-11-16,2,6
167,1034,4,04-08-16,04-09-16,04-11-16,2,7
168,1147,4,04-09-16,04-12-16,04-11-16,1,3
169,99,4,04-10-16,04-11-16,04-11-16,2,7
170,1200,4,04-10-16,04-11-16,04-13-16,2,7
171,237,4,04-11-16,04-14-16,04-14-16,1,3
172,1079,4,04-11-16,04-12-16,04-14-16,2,7
173,117,4,04-11-16,04-14-16,04-13-16,3,8
174,1361,4,04-12-16,04-13-16,04-15-16,2,7
175,951,4,04-13-16,04-14-16,04-14-16,2,6
176,643,4,04-15-16,04-16-16,04-17-16,2,7
177,121,4,04-16-16,04-19-16,04-19-16,1,2
178,756,4,04-16-16,04-17-16,04-18-16,2,6
179,616,4,04-17-16,04-19-16,04-19-16,2,6
180,918,4,04-17-16,04-20-16,04-19-16,2,7
181,459,4,04-18-16,04-20-16,04-20-16,1,3
182,854,4,04-18-16,04-19-16,04-20-16,2,6
183,22,4,04-19-16,04-20-16,04-20-16,2,7
184,134,4,04-19-16,04-21-16,04-22-16,2,7
185,24,3,04-20-16,04-20-16,,1,2
186,1127,4,04-21-16,04-22-16,04-24-16,2,6
187,183,4,04-22-16,04-23-16,04-24-16,2,6
188,390,4,04-22-16,04-23-16,04-25-16,2,6
189,1288,4,04-23-16,04-24-16,04-26-16,1,2
190,98,4,04-23-16,04-25-16,04-25-16,2,6
191,919,4,04-27-16,04-28-16,04-28-16,1,2
192,728,4,04-27-16,04-28-16,04-29-16,2,7
193,1366,4,04-28-16,04-30-16,04-30-16,1,3
194,558,4,04-28-16,04-30-16,05-01-16,2,7
195,727,4,04-28-16,05-01-16,05-01-16,2,7
196,1247,4,04-28-16,04-30-16,05-01-16,2,6
197,127,4,04-30-16,05-03-16,05-03-16,2,7
198,640,4,05-01-16,05-04-16,05-03-16,2,6
199,760,4,05-01-16,05-04-16,05-04-16,2,7
200,1074,4,05-01-16,05-03-16,05-03-16,2,6
201,280,4,05-01-16,05-04-16,05-02-16,3,9
202,600,4,05-03-16,05-05-16,05-04-16,1,2
203,1102,4,05-03-16,05-05-16,05-06-16,3,9
204,591,4,05-04-16,05-07-16,05-06-16,2,7
205,635,4,05-04-16,05-05-16,05-06-16,2,6
206,743,4,05-04-16,05-06-16,05-05-16,3,9
207,105,4,05-05-16,05-07-16,05-07-16,2,7
208,815,4,05-06-16,05-07-16,05-09-16,2,7
209,514,4,05-07-16,05-08-16,05-08-16,2,6
210,943,4,05-07-16,05-08-16,05-09-16,2,6
211,1140,4,05-07-16,05-09-16,05-08-16,2,6
212,1373,4,05-08-16,05-09-16,05-11-16,2,6
213,788,4,05-08-16,05-09-16,05-09-16,3,8
214,363,4,05-10-16,05-12-16,05-11-16,2,6
215,1420,4,05-10-16,05-13-16,05-12-16,2,7
216,267,4,05-11-16,05-14-16,05-13-16,1,3
217,716,4,05-11-16,05-12-16,05-14-16,2,7
218,1179,4,05-12-16,05-14-16,05-14-16,2,7
219,1338,4,05-12-16,05-15-16,05-15-16,2,6
220,1358,4,05-12-16,05-14-16,05-15-16,2,6
221,1218,4,05-13-16,05-16-16,05-14-16,1,2
222,51,4,05-13-16,05-16-16,05-14-16,2,6
223,1368,4,05-15-16,05-16-16,05-17-16,2,7
224,157,4,05-17-16,05-18-16,05-19-16,1,3
225,307,4,05-17-16,05-20-16,05-19-16,1,3
226,501,4,05-17-16,05-19-16,05-20-16,1,2
227,489,4,05-17-16,05-18-16,05-20-16,2,7
228,615,4,05-17-16,05-20-16,05-20-16,2,7
229,742,4,05-19-16,05-21-16,05-20-16,2,6
230,1167,4,05-19-16,05-20-16,05-21-16,2,6
231,1257,4,05-19-16,05-22-16,05-21-16,2,6
232,1360,4,05-20-16,05-23-16,05-23-16,1,3
233,737,4,05-21-16,05-22-16,05-24-16,2,6
234,1435,4,05-22-16,05-24-16,05-24-16,2,6
235,649,4,05-24-16,05-25-16,05-25-16,2,6
236,206,4,05-25-16,05-27-16,05-26-16,2,6
237,1351,4,05-25-16,05-26-16,05-27-16,2,7
238,1350,4,05-26-16,05-29-16,05-29-16,2,6
239,13,3,05-27-16,05-27-16,,3,9
240,65,4,05-27-16,05-29-16,05-30-16,2,6
241,1082,4,05-27-16,05-29-16,05-29-16,2,7
242,1168,4,05-27-16,05-30-16,05-30-16,2,7
243,802,4,05-27-16,05-30-16,05-28-16,3,8
244,956,4,05-28-16,05-29-16,05-29-16,2,6
245,223,4,05-29-16,05-31-16,05-30-16,2,7
246,17,3,05-30-16,05-30-16,,2,6
247,928,4,05-30-16,06-01-16,06-01-16,1,3
248,1376,4,05-30-16,06-01-16,05-31-16,2,7
249,145,4,06-01-16,06-04-16,06-04-16,2,6
250,150,4,06-01-16,06-02-16,06-04-16,2,7
251,851,4,06-01-16,06-04-16,06-04-16,2,7
252,66,4,06-01-16,06-04-16,06-02-16,3,8
253,1267,4,06-02-16,06-05-16,06-05-16,2,6
254,510,4,06-03-16,06-06-16,06-05-16,2,7
255,801,4,06-03-16,06-06-16,06-05-16,2,7
256,26,4,06-04-16,06-05-16,06-07-16,2,7
257,1314,4,06-05-16,06-06-16,06-08-16,1,3
258,107,4,06-06-16,06-07-16,06-07-16,2,7
259,413,4,06-06-16,06-09-16,06-09-16,2,7
260,632,4,06-06-16,06-08-16,06-08-16,2,6
261,1045,4,06-08-16,06-10-16,06-09-16,1,2
262,579,4,06-08-16,06-11-16,06-10-16,3,9
263,1322,4,06-09-16,06-10-16,06-12-16,2,6
264,5,3,06-10-16,06-10-16,,1,3
265,682,4,06-10-16,06-12-16,06-11-16,2,7
266,933,4,06-10-16,06-13-16,06-13-16,2,7
267,282,4,06-11-16,06-14-16,06-14-16,1,3
268,540,4,06-11-16,06-14-16,06-12-16,1,3
269,764,4,06-12-16,06-13-16,06-15-16,2,6
270,879,4,06-12-16,06-15-16,06-13-16,2,7
271,350,4,06-13-16,06-16-16,06-14-16,2,7
272,497,4,06-15-16,06-18-16,06-16-16,2,7
273,1340,4,06-16-16,06-19-16,06-17-16,2,7
274,411,4,06-17-16,06-20-16,06-18-16,2,7
275,1341,4,06-17-16,06-19-16,06-18-16,2,7
276,1227,4,06-18-16,06-19-16,06-19-16,2,6
277,546,4,06-19-16,06-20-16,06-20-16,2,7
278,1301,4,06-20-16,06-23-16,06-21-16,1,3
279,378,4,06-21-16,06-22-16,06-22-16,2,6
280,638,4,06-21-16,06-22-16,06-23-16,2,7
281,800,4,06-21-16,06-22-16,06-23-16,2,7
282,159,4,06-22-16,06-25-16,06-25-16,3,9
283,181,4,06-23-16,06-26-16,06-26-16,1,2
284,1356,4,06-23-16,06-25-16,06-25-16,2,7
285,319,4,06-25-16,06-26-16,06-27-16,1,2
286,59,4,06-25-16,06-26-16,06-26-16,2,6
287,133,4,06-25-16,06-26-16,06-27-16,2,6
288,780,4,06-25-16,06-28-16,06-28-16,2,6
289,849,4,06-27-16,06-28-16,06-30-16,2,6
290,202,4,06-28-16,06-29-16,06-30-16,2,6
291,158,4,06-29-16,06-30-16,07-01-16,2,6
292,360,4,06-29-16,06-30-16,07-02-16,3,9
293,573,4,06-30-16,07-03-16,07-02-16,2,7
294,732,4,07-01-16,07-02-16,07-02-16,2,7
295,1130,4,07-01-16,07-04-16,07-04-16,2,7
296,1245,4,07-04-16,07-07-16,07-06-16,2,6
297,1425,4,07-04-16,07-05-16,07-06-16,2,7
298,885,4,07-04-16,07-07-16,07-07-16,3,9
299,281,4,07-05-16,07-06-16,07-07-16,2,6
300,1205,4,07-05-16,07-08-16,07-08-16,2,6
301,17,4,07-06-16,07-09-16,07-08-16,2,6
302,1375,4,07-06-16,07-07-16,07-09-16,2,6
303,36,4,07-07-16,07-08-16,07-09-16,2,7
304,230,4,07-07-16,07-08-16,07-08-16,2,6
305,705,4,07-07-16,07-08-16,07-08-16,2,7
306,424,4,07-09-16,07-10-16,07-12-16,2,7
307,695,4,07-09-16,07-11-16,07-11-16,2,6
308,156,4,07-11-16,07-12-16,07-14-16,2,6
309,211,4,07-11-16,07-13-16,07-13-16,2,6
310,627,4,07-12-16,07-13-16,07-13-16,1,2
311,1400,4,07-12-16,07-14-16,07-13-16,2,6
312,299,4,07-13-16,07-15-16,07-16-16,2,6
313,565,4,07-14-16,07-15-16,07-15-16,3,9
314,1019,4,07-15-16,07-17-16,07-17-16,2,7
315,1263,4,07-16-16,07-19-16,07-17-16,2,6
316,670,4,07-17-16,07-20-16,07-19-16,2,7
317,795,4,07-17-16,07-20-16,07-19-16,2,7
318,1141,4,07-17-16,07-19-16,07-20-16,2,7
319,941,4,07-18-16,07-21-16,07-21-16,2,6
320,1428,4,07-19-16,07-20-16,07-21-16,1,2
321,568,4,07-19-16,07-22-16,07-21-16,2,6
322,924,4,07-19-16,07-22-16,07-20-16,2,6
323,1243,4,07-19-16,07-22-16,07-21-16,2,6
324,480,4,07-20-16,07-22-16,07-23-16,2,6
325,848,4,07-20-16,07-21-16,07-21-16,2,6
326,1337,4,07-20-16,07-21-16,07-22-16,3,9
327,83,4,07-21-16,07-24-16,07-22-16,2,6
328,528,4,07-23-16,07-26-16,07-25-16,2,6
329,274,4,07-24-16,07-27-16,07-26-16,2,6
330,622,4,07-24-16,07-27-16,07-27-16,2,6
331,642,4,07-24-16,07-26-16,07-25-16,2,6
332,659,4,07-24-16,07-26-16,07-26-16,2,7
333,779,4,07-25-16,07-27-16,07-26-16,2,6
334,1112,4,07-25-16,07-28-16,07-27-16,2,7
335,1193,4,07-25-16,07-27-16,07-26-16,2,6
336,1030,4,07-26-16,07-29-16,07-27-16,2,7
337,1252,4,07-26-16,07-27-16,07-28-16,2,7
338,1333,4,07-28-16,07-29-16,07-30-16,1,3
339,1110,4,07-28-16,07-31-16,07-29-16,2,7
340,963,4,07-29-16,07-30-16,07-31-16,2,7
341,1357,4,07-31-16,08-03-16,08-01-16,1,3
342,806,4,07-31-16,08-01-16,08-03-16,2,7
343,961,4,07-31-16,08-02-16,08-01-16,2,7
344,750,4,08-01-16,08-03-16,08-02-16,2,6
345,1299,4,08-01-16,08-04-16,08-03-16,2,6
346,584,4,08-01-16,08-03-16,08-02-16,3,9
347,1004,4,08-02-16,08-03-16,08-05-16,2,6
348,907,4,08-02-16,08-05-16,08-04-16,3,9
349,30,3,08-03-16,08-03-16,,1,3
350,31,3,08-03-16,08-03-16,,1,3
351,1307,4,08-03-16,08-06-16,08-04-16,1,2
352,16,4,08-03-16,08-04-16,08-06-16,2,7
353,1387,4,08-03-16,08-06-16,08-06-16,2,7
354,551,4,08-03-16,08-05-16,08-06-16,3,8
355,1011,4,08-03-16,08-05-16,08-05-16,3,8
356,1189,4,08-04-16,08-07-16,08-06-16,2,6
357,14,3,08-05-16,08-05-16,,3,8
358,1042,4,08-05-16,08-07-16,08-07-16,2,7
359,441,4,08-07-16,08-10-16,08-10-16,2,7
360,1300,4,08-07-16,08-09-16,08-10-16,2,6
361,994,4,08-08-16,08-09-16,08-11-16,2,6
362,187,4,08-09-16,08-11-16,08-11-16,1,2
363,834,4,08-11-16,08-12-16,08-13-16,3,8
364,373,4,08-12-16,08-14-16,08-13-16,2,6
365,981,4,08-13-16,08-14-16,08-15-16,2,6
366,1054,4,08-13-16,08-14-16,08-14-16,3,9
367,527,4,08-14-16,08-15-16,08-15-16,2,7
368,995,4,08-14-16,08-15-16,08-17-16,2,7
369,1285,4,08-15-16,08-18-16,08-18-16,1,3
370,758,4,08-15-16,08-18-16,08-18-16,2,7
371,891,4,08-15-16,08-16-16,08-18-16,2,7
372,132,4,08-16-16,08-18-16,08-18-16,2,6
373,337,4,08-16-16,08-19-16,08-17-16,2,7
374,1313,4,08-17-16,08-19-16,08-18-16,1,2
375,536,4,08-17-16,08-20-16,08-20-16,2,7
376,825,4,08-17-16,08-19-16,08-18-16,2,6
377,1355,4,08-17-16,08-19-16,08-20-16,2,6
378,475,4,08-17-16,08-20-16,08-20-16,3,9
379,954,4,08-18-16,08-21-16,08-21-16,2,7
380,1156,4,08-19-16,08-20-16,08-21-16,2,7
381,1297,4,08-19-16,08-21-16,08-21-16,2,7
382,199,4,08-20-16,08-23-16,08-23-16,2,6
383,331,4,08-20-16,08-23-16,08-22-16,2,7
384,410,4,08-20-16,08-22-16,08-23-16,2,7
385,1274,4,08-20-16,08-23-16,08-22-16,2,7
386,1362,4,08-20-16,08-23-16,08-23-16,2,6
387,451,4,08-20-16,08-21-16,08-21-16,3,8
388,1080,4,08-21-16,08-24-16,08-23-16,3,8
389,53,4,08-22-16,08-24-16,08-25-16,1,3
390,576,4,08-22-16,08-24-16,08-25-16,3,9
391,61,3,08-23-16,08-23-16,,3,9
392,176,4,08-23-16,08-26-16,08-24-16,1,3
393,368,4,08-25-16,08-26-16,08-27-16,2,6
394,522,4,08-26-16,08-28-16,08-29-16,1,3
395,144,4,08-26-16,08-27-16,08-29-16,2,6
396,542,4,08-27-16,08-30-16,08-29-16,2,6
397,1437,4,08-28-16,08-31-16,08-29-16,2,7
398,447,4,08-29-16,08-30-16,09-01-16,1,2
399,1001,4,08-29-16,09-01-16,09-01-16,2,7
400,1295,4,08-29-16,08-30-16,08-31-16,2,6
401,103,4,08-30-16,09-02-16,09-01-16,2,6
402,1335,4,08-30-16,09-01-16,08-31-16,2,6
403,578,4,08-31-16,09-01-16,09-02-16,1,3
404,396,4,08-31-16,09-03-16,09-01-16,2,7
405,603,4,08-31-16,09-01-16,09-01-16,2,6
406,1380,4,08-31-16,09-02-16,09-01-16,2,7
407,77,3,09-01-16,09-01-16,,3,8
408,1071,4,09-01-16,09-02-16,09-02-16,1,2
409,416,4,09-01-16,09-04-16,09-04-16,2,7
410,1151,4,09-01-16,09-03-16,09-02-16,2,6
411,261,4,09-02-16,09-04-16,09-04-16,1,3
412,1202,4,09-02-16,09-04-16,09-04-16,1,3
413,717,4,09-02-16,09-05-16,09-03-16,2,6
414,917,4,09-03-16,09-06-16,09-06-16,2,7
415,1265,4,09-03-16,09-06-16,09-06-16,2,7
416,1377,4,09-03-16,09-04-16,09-06-16,2,7
417,359,4,09-04-16,09-05-16,09-06-16,1,3
418,88,4,09-04-16,09-05-16,09-05-16,2,6
419,14,4,09-04-16,09-07-16,09-06-16,3,8
420,72,4,09-05-16,09-06-16,09-07-16,1,3
421,240,4,09-05-16,09-06-16,09-08-16,1,3
422,398,4,09-06-16,09-07-16,09-09-16,2,6
423,1397,4,09-06-16,09-09-16,09-09-16,2,7
424,67,4,09-08-16,09-11-16,09-11-16,1,3
425,843,4,09-08-16,09-11-16,09-11-16,2,6
426,944,4,09-08-16,09-10-16,09-10-16,2,6
427,434,4,09-09-16,09-10-16,09-11-16,1,2
428,1039,4,09-09-16,09-12-16,09-10-16,2,6
429,153,4,09-10-16,09-12-16,09-12-16,3,8
430,272,4,09-11-16,09-13-16,09-12-16,2,6
431,1217,4,09-11-16,09-12-16,09-12-16,2,6
432,169,4,09-12-16,09-15-16,09-14-16,1,2
433,1062,4,09-12-16,09-15-16,09-13-16,2,6
434,726,4,09-13-16,09-15-16,09-14-16,2,6
435,77,4,09-14-16,09-15-16,09-16-16,3,9
436,791,4,09-16-16,09-19-16,09-19-16,2,7
437,1085,4,09-16-16,09-18-16,09-18-16,2,7
438,314,4,09-16-16,09-19-16,09-18-16,3,8
439,149,4,09-17-16,09-20-16,09-18-16,2,6
440,882,4,09-17-16,09-18-16,09-19-16,2,7
441,704,4,09-18-16,09-19-16,09-19-16,1,2
442,667,4,09-18-16,09-21-16,09-21-16,2,7
443,1371,4,09-18-16,09-19-16,09-20-16,2,6
444,30,4,09-19-16,09-20-16,09-21-16,1,2
445,362,4,09-19-16,09-22-16,09-22-16,2,6
446,399,4,09-19-16,09-21-16,09-20-16,2,7
447,808,4,09-20-16,09-23-16,09-22-16,3,8
448,101,4,09-21-16,09-22-16,09-24-16,2,6
449,492,4,09-21-16,09-24-16,09-22-16,2,7
450,575,4,09-21-16,09-24-16,09-23-16,2,7
451,1146,4,09-21-16,09-23-16,09-22-16,2,7
452,997,4,09-22-16,09-23-16,09-24-16,2,7
453,1028,4,09-22-16,09-24-16,09-25-16,2,7
454,988,4,09-23-16,09-25-16,09-26-16,2,6
455,1055,4,09-23-16,09-24-16,09-24-16,2,7
456,1061,4,09-23-16,09-26-16,09-25-16,3,9
457,1349,4,09-24-16,09-27-16,09-27-16,1,3
458,197,4,09-25-16,09-28-16,09-26-16,2,6
459,874,4,09-25-16,09-28-16,09-26-16,2,6
460,691,4,09-25-16,09-27-16,09-26-16,3,8
461,853,4,09-26-16,09-27-16,09-27-16,2,7
462,852,4,09-27-16,09-28-16,09-29-16,2,6
463,964,4,09-27-16,09-28-16,09-28-16,3,8
464,74,4,09-28-16,09-30-16,09-29-16,2,7
465,1198,4,09-28-16,10-01-16,10-01-16,2,6
466,1440,4,09-28-16,09-29-16,10-01-16,2,7
467,555,4,09-28-16,09-30-16,09-30-16,3,8
468,1261,4,09-29-16,10-02-16,09-30-16,1,3
469,1089,4,09-29-16,10-02-16,10-02-16,2,7
470,641,4,09-30-16,10-02-16,10-02-16,1,3
471,697,4,09-30-16,10-02-16,10-01-16,1,3
472,468,4,09-30-16,10-01-16,10-01-16,2,7
473,549,4,09-30-16,10-02-16,10-03-16,2,7
474,553,4,10-01-16,10-04-16,10-04-16,1,3
475,241,4,10-01-16,10-04-16,10-03-16,2,7
476,559,4,10-01-16,10-04-16,10-02-16,2,6
477,449,4,10-02-16,10-05-16,10-04-16,1,2
478,304,4,10-02-16,10-05-16,10-03-16,2,7
479,984,4,10-03-16,10-04-16,10-04-16,2,6
480,686,4,10-04-16,10-07-16,10-05-16,1,3
481,481,4,10-04-16,10-07-16,10-06-16,3,9
482,513,4,10-05-16,10-06-16,10-06-16,2,6
483,703,4,10-06-16,10-07-16,10-09-16,1,2
484,421,4,10-06-16,10-09-16,10-07-16,2,7
485,465,4,10-06-16,10-08-16,10-07-16,2,7
486,709,4,10-06-16,10-08-16,10-09-16,2,7
487,827,4,10-06-16,10-09-16,10-09-16,2,6
488,921,4,10-06-16,10-09-16,10-08-16,2,6
489,899,4,10-06-16,10-08-16,10-08-16,3,8
490,876,4,10-07-16,10-10-16,10-09-16,2,6
491,1048,4,10-08-16,10-10-16,10-11-16,1,2
492,191,4,10-09-16,10-10-16,10-12-16,1,2
493,796,4,10-09-16,10-12-16,10-11-16,1,3
494,875,4,10-09-16,10-10-16,10-11-16,2,6
495,712,4,10-10-16,10-12-16,10-13-16,1,3
496,193,4,10-10-16,10-12-16,10-11-16,2,6
497,785,4,10-10-16,10-11-16,10-11-16,2,6
498,1331,4,10-10-16,10-12-16,10-11-16,2,6
499,260,4,10-11-16,10-14-16,10-13-16,1,2
500,148,4,10-11-16,10-12-16,10-13-16,2,6
501,977,4,10-11-16,10-12-16,10-13-16,2,7
502,401,4,10-12-16,10-13-16,10-13-16,3,9
503,932,4,10-13-16,10-16-16,10-14-16,2,6
504,1381,4,10-14-16,10-15-16,10-15-16,1,2
505,721,4,10-14-16,10-16-16,10-17-16,2,6
506,831,4,10-14-16,10-16-16,10-16-16,2,6
507,1378,4,10-15-16,10-17-16,10-17-16,1,3
508,1359,4,10-15-16,10-18-16,10-18-16,2,6
509,235,4,10-16-16,10-17-16,10-17-16,2,7
510,586,4,10-17-16,10-18-16,10-18-16,2,7
511,377,4,10-18-16,10-20-16,10-19-16,2,7
512,8,4,10-19-16,10-22-16,10-20-16,2,7
513,155,4,10-19-16,10-21-16,10-21-16,2,6
514,927,4,10-19-16,10-21-16,10-20-16,2,7
515,986,4,10-19-16,10-20-16,10-22-16,2,6
516,111,4,10-21-16,10-23-16,10-24-16,2,6
517,613,4,10-21-16,10-22-16,10-24-16,2,6
518,1374,4,10-22-16,10-24-16,10-25-16,1,2
519,54,4,10-22-16,10-23-16,10-24-16,2,7
520,639,4,10-23-16,10-26-16,10-24-16,2,7
521,664,4,10-23-16,10-25-16,10-25-16,2,6
522,724,4,10-23-16,10-24-16,10-24-16,2,7
523,1056,4,10-24-16,10-26-16,10-27-16,2,6
524,569,4,10-25-16,10-26-16,10-27-16,1,2
525,1315,4,10-26-16,10-28-16,10-29-16,1,3
526,1096,4,10-26-16,10-28-16,10-28-16,2,6
527,506,4,10-27-16,10-29-16,10-28-16,1,2
528,676,4,10-28-16,10-31-16,10-31-16,2,7
529,753,4,10-28-16,10-30-16,10-31-16,2,7
530,773,4,10-28-16,10-31-16,10-31-16,2,6
531,116,4,10-28-16,10-29-16,10-30-16,3,8
532,817,4,10-29-16,10-31-16,10-30-16,2,7
533,1334,4,10-29-16,11-01-16,11-01-16,2,6
534,1406,4,10-29-16,10-30-16,10-31-16,2,7
535,835,4,10-29-16,10-31-16,11-01-16,3,9
536,759,4,10-31-16,11-02-16,11-01-16,1,3
537,1353,4,10-31-16,11-01-16,11-03-16,1,2
538,341,4,11-02-16,11-05-16,11-05-16,2,6
539,1144,4,11-02-16,11-04-16,11-03-16,2,7
540,1429,4,11-03-16,11-05-16,11-06-16,1,3
541,1228,4,11-04-16,11-07-16,11-07-16,1,3
542,313,4,11-04-16,11-06-16,11-05-16,2,7
543,62,4,11-06-16,11-09-16,11-08-16,2,6
544,321,4,11-06-16,11-07-16,11-08-16,2,7
545,1108,4,11-08-16,11-10-16,11-09-16,3,9
546,470,4,11-09-16,11-12-16,11-10-16,2,7
547,20,4,11-09-16,11-11-16,11-10-16,3,8
548,739,4,11-11-16,11-13-16,11-13-16,2,7
549,64,3,11-12-16,11-12-16,,3,9
550,892,4,11-12-16,11-14-16,11-15-16,2,7
551,1169,4,11-12-16,11-13-16,11-13-16,2,6
552,1282,4,11-12-16,11-15-16,11-13-16,2,7
553,913,4,11-12-16,11-13-16,11-15-16,3,9
554,104,4,11-13-16,11-14-16,11-16-16,1,3
555,212,4,11-13-16,11-14-16,11-16-16,2,7
556,61,4,11-13-16,11-14-16,11-15-16,3,9
557,1248,4,11-14-16,11-17-16,11-15-16,2,6
558,1443,4,11-15-16,11-16-16,11-17-16,2,7
559,959,4,11-16-16,11-17-16,11-17-16,1,2
560,1405,4,11-18-16,11-19-16,11-21-16,2,6
561,90,4,11-19-16,11-22-16,11-22-16,2,6
562,942,4,11-19-16,11-20-16,11-22-16,2,7
563,365,4,11-20-16,11-22-16,11-21-16,2,6
564,1058,4,11-20-16,11-23-16,11-22-16,2,7
565,894,4,11-21-16,11-22-16,11-22-16,2,7
566,298,4,11-22-16,11-25-16,11-23-16,1,3
567,1430,4,11-22-16,11-23-16,11-23-16,1,2
568,1275,4,11-23-16,11-25-16,11-24-16,1,3
569,707,4,11-23-16,11-24-16,11-25-16,2,6
570,989,4,11-23-16,11-24-16,11-25-16,2,6
571,5,4,11-24-16,11-25-16,11-27-16,1,2
572,178,4,11-24-16,11-26-16,11-26-16,2,6
573,423,4,11-24-16,11-26-16,11-27-16,2,6
574,833,4,11-26-16,11-27-16,11-29-16,2,7
575,33,4,11-27-16,11-28-16,11-30-16,1,3
576,1272,4,11-27-16,11-30-16,11-28-16,1,3
577,445,4,11-27-16,11-30-16,11-29-16,2,6
578,819,4,11-27-16,11-28-16,11-29-16,2,7
579,160,4,11-27-16,11-30-16,11-29-16,3,8
580,581,4,11-30-16,12-02-16,12-02-16,1,3
581,688,4,12-03-16,12-05-16,12-06-16,1,3
582,32,3,12-04-16,12-04-16,,1,2
583,792,4,12-04-16,12-05-16,12-07-16,2,7
584,1209,4,12-04-16,12-05-16,12-05-16,2,7
585,1219,4,12-04-16,12-05-16,12-05-16,2,7
586,1306,4,12-04-16,12-06-16,12-05-16,2,6
587,487,4,12-06-16,12-08-16,12-08-16,1,2
588,102,4,12-06-16,12-07-16,12-07-16,2,7
589,719,4,12-06-16,12-07-16,12-07-16,2,7
590,990,4,12-06-16,12-09-16,12-07-16,2,7
591,1211,4,12-06-16,12-09-16,12-09-16,2,7
592,1232,4,12-06-16,12-08-16,12-08-16,2,7
593,50,4,12-07-16,12-10-16,12-08-16,3,8
594,1318,4,12-07-16,12-08-16,12-08-16,3,8
595,538,4,12-08-16,12-09-16,12-11-16,1,2
596,952,4,12-08-16,12-09-16,12-09-16,1,3
597,1121,4,12-08-16,12-09-16,12-10-16,2,6
598,40,3,12-09-16,12-09-16,,1,3
599,1,4,12-09-16,12-10-16,12-12-16,2,6
600,624,4,12-09-16,12-12-16,12-11-16,2,7
601,683,4,12-09-16,12-10-16,12-10-16,2,6
602,823,4,12-09-16,12-10-16,12-11-16,2,6
603,1032,4,12-09-16,12-10-16,12-10-16,2,7
604,96,4,12-10-16,12-13-16,12-12-16,2,7
605,1208,4,12-10-16,12-11-16,12-12-16,2,6
606,18,4,12-11-16,12-12-16,12-13-16,2,7
607,309,4,12-11-16,12-14-16,12-13-16,2,6
608,1103,4,12-12-16,12-15-16,12-14-16,1,3
609,896,4,12-12-16,12-13-16,12-14-16,2,7
610,711,4,12-13-16,12-15-16,12-14-16,2,6
611,1073,4,12-15-16,12-17-16,12-18-16,2,7
612,634,4,12-16-16,12-17-16,12-17-16,2,7
613,1159,4,12-17-16,12-19-16,12-19-16,2,7
614,654,4,12-18-16,12-21-16,12-21-16,1,2
615,560,4,12-19-16,12-22-16,12-21-16,3,9
616,1444,4,12-20-16,12-23-16,12-23-16,2,6
617,118,4,12-21-16,12-23-16,12-23-16,2,7
618,131,4,12-21-16,12-22-16,12-22-16,2,6
619,454,4,12-22-16,12-25-16,12-25-16,2,7
620,466,4,12-22-16,12-24-16,12-24-16,2,6
621,1157,4,12-23-16,12-25-16,12-24-16,2,6
622,1398,4,12-23-16,12-26-16,12-25-16,2,7
623,678,4,12-24-16,12-26-16,12-27-16,2,6
624,814,4,12-24-16,12-25-16,12-27-16,2,6
625,1163,4,12-25-16,12-28-16,12-26-16,1,2
626,130,4,12-25-16,12-28-16,12-27-16,2,7
627,1119,4,12-25-16,12-26-16,12-28-16,2,6
628,561,4,12-26-16,12-29-16,12-27-16,1,3
629,973,4,12-26-16,12-27-16,12-29-16,1,2
630,1404,4,12-26-16,12-27-16,12-28-16,2,6
631,855,4,12-27-16,12-29-16,12-29-16,1,3
632,163,4,12-27-16,12-29-16,12-29-16,2,7
633,1040,4,12-28-16,12-31-16,12-30-16,3,8
634,27,4,12-29-16,01-01-17,12-30-16,2,6
635,520,4,12-30-16,01-02-17,12-31-16,2,6
636,532,4,01-03-17,01-04-17,01-05-17,1,2
637,512,4,01-03-17,01-05-17,01-05-17,2,6
638,1302,4,01-04-17,01-05-17,01-06-17,2,7
639,550,4,01-06-17,01-07-17,01-07-17,2,6
640,1093,4,01-06-17,01-08-17,01-07-17,2,6
641,673,4,01-07-17,01-10-17,01-08-17,1,3
642,847,4,01-07-17,01-09-17,01-10-17,2,7
643,901,4,01-08-17,01-09-17,01-11-17,1,3
644,439,4,01-08-17,01-11-17,01-10-17,2,6
645,1199,4,01-08-17,01-11-17,01-10-17,2,6
646,975,4,01-09-17,01-12-17,01-11-17,1,2
647,283,4,01-09-17,01-10-17,01-11-17,2,7
648,684,4,01-09-17,01-11-17,01-11-17,2,6
649,1153,4,01-10-17,01-11-17,01-13-17,1,3
650,729,4,01-11-17,01-14-17,01-12-17,1,2
651,190,4,01-11-17,01-13-17,01-13-17,2,7
652,985,4,01-12-17,01-15-17,01-13-17,3,9
653,1249,4,01-14-17,01-17-17,01-15-17,1,2
654,1129,4,01-14-17,01-15-17,01-17-17,2,7
655,347,4,01-16-17,01-17-17,01-18-17,1,3
656,949,4,01-16-17,01-17-17,01-18-17,2,7
657,349,4,01-17-17,01-19-17,01-20-17,1,2
658,1051,4,01-17-17,01-18-17,01-18-17,2,7
659,1391,4,01-17-17,01-19-17,01-18-17,2,7
660,383,4,01-18-17,01-19-17,01-19-17,2,7
661,626,4,01-18-17,01-19-17,01-20-17,2,6
662,1125,4,01-19-17,01-20-17,01-20-17,1,3
663,344,4,01-20-17,01-22-17,01-23-17,1,3
664,681,4,01-20-17,01-23-17,01-22-17,2,7
665,29,4,01-21-17,01-22-17,01-23-17,2,6
666,770,4,01-21-17,01-22-17,01-24-17,2,7
667,858,4,01-22-17,01-24-17,01-25-17,2,7
668,297,4,01-22-17,01-23-17,01-24-17,3,8
669,745,4,01-23-17,01-24-17,01-26-17,2,7
670,361,4,01-24-17,01-25-17,01-25-17,2,6
671,922,4,01-25-17,01-28-17,01-26-17,2,7
672,908,4,01-26-17,01-29-17,01-29-17,2,6
673,64,4,01-26-17,01-28-17,01-27-17,3,9
674,733,4,01-27-17,01-28-17,01-29-17,2,6
675,291,4,01-28-17,01-31-17,01-30-17,2,7
676,790,4,01-28-17,01-30-17,01-31-17,2,7
677,809,4,01-28-17,01-31-17,01-30-17,2,7
678,250,4,01-28-17,01-29-17,01-31-17,3,9
679,81,4,01-29-17,01-30-17,01-30-17,1,3
680,245,4,01-29-17,02-01-17,01-30-17,1,3
681,499,4,01-29-17,02-01-17,01-31-17,2,7
682,614,4,01-29-17,01-30-17,01-30-17,2,6
683,741,4,01-29-17,01-31-17,02-01-17,2,6
684,762,4,01-31-17,02-01-17,02-02-17,2,6
685,976,4,01-31-17,02-03-17,02-02-17,2,7
686,380,4,02-01-17,02-03-17,02-04-17,2,7
687,530,4,02-02-17,02-05-17,02-04-17,1,3
688,343,4,02-02-17,02-03-17,02-05-17,2,7
689,884,4,02-02-17,02-03-17,02-05-17,2,7
690,1097,4,02-03-17,02-04-17,02-06-17,1,2
691,1081,4,02-04-17,02-06-17,02-06-17,2,7
692,2,3,02-05-17,02-05-17,,1,3
693,1233,4,02-05-17,02-07-17,02-06-17,1,3
694,58,4,02-05-17,02-06-17,02-08-17,2,7
695,606,4,02-05-17,02-08-17,02-07-17,2,7
696,1242,4,02-05-17,02-08-17,02-08-17,2,7
697,562,4,02-06-17,02-08-17,02-09-17,1,2
698,543,4,02-06-17,02-08-17,02-09-17,3,8
699,958,4,02-06-17,02-08-17,02-09-17,3,9
700,4,4,02-07-17,02-10-17,02-08-17,2,6
701,850,4,02-07-17,02-08-17,02-09-17,3,9
702,1352,4,02-08-17,02-09-17,02-11-17,1,3
703,417,4,02-08-17,02-09-17,02-09-17,2,7
704,1137,4,02-08-17,02-09-17,02-11-17,2,6
705,1196,4,02-08-17,02-11-17,02-11-17,2,7
706,1271,4,02-09-17,02-12-17,02-10-17,1,2
707,79,4,02-09-17,02-11-17,02-11-17,2,7
708,660,4,02-10-17,02-12-17,02-11-17,1,2
709,1162,4,02-11-17,02-13-17,02-12-17,2,6
710,295,4,02-13-17,02-15-17,02-16-17,2,6
711,1246,4,02-13-17,02-16-17,02-14-17,2,6
712,173,4,02-13-17,02-14-17,02-16-17,3,9
713,207,4,02-13-17,02-14-17,02-15-17,3,8
714,805,4,02-14-17,02-17-17,02-15-17,2,7
715,12,3,02-15-17,02-15-17,,2,6
716,672,4,02-15-17,02-17-17,02-18-17,2,6
717,1312,4,02-15-17,02-18-17,02-17-17,2,6
718,38,4,02-16-17,02-17-17,02-17-17,2,7
719,200,4,02-16-17,02-19-17,02-18-17,2,6
720,382,4,02-16-17,02-19-17,02-19-17,2,6
721,625,4,02-16-17,02-19-17,02-17-17,2,7
722,1399,4,02-18-17,02-20-17,02-21-17,2,7
723,845,4,02-19-17,02-21-17,02-22-17,2,6
724,864,4,02-19-17,02-22-17,02-21-17,2,6
725,870,4,02-19-17,02-22-17,02-22-17,2,7
726,969,4,02-19-17,02-22-17,02-20-17,2,6
727,962,4,02-19-17,02-22-17,02-21-17,3,9
728,1138,4,02-20-17,02-21-17,02-23-17,1,3
729,897,4,02-20-17,02-22-17,02-21-17,2,7
730,500,4,02-21-17,02-24-17,02-22-17,2,6
731,910,4,02-25-17,02-27-17,02-27-17,3,9
732,147,4,02-26-17,02-27-17,03-01-17,2,7
733,832,4,02-26-17,03-01-17,02-27-17,2,7
734,939,4,02-26-17,02-28-17,03-01-17,3,9
735,20,3,02-27-17,02-27-17,,3,9
736,184,4,02-27-17,02-28-17,02-28-17,2,7
737,694,4,02-27-17,03-01-17,02-28-17,2,6
738,124,4,02-28-17,03-01-17,03-03-17,1,2
739,49,4,02-28-17,03-01-17,03-02-17,2,6
740,1113,4,02-28-17,03-01-17,03-02-17,2,6
741,119,4,02-28-17,03-01-17,03-01-17,3,8
742,433,4,02-28-17,03-01-17,03-01-17,3,9
743,137,4,03-01-17,03-04-17,03-04-17,2,6
744,166,4,03-01-17,03-02-17,03-02-17,2,7
745,698,4,03-01-17,03-03-17,03-03-17,2,7
746,391,4,03-02-17,03-04-17,03-05-17,1,3
747,87,4,03-03-17,03-04-17,03-05-17,1,3
748,1072,4,03-03-17,03-05-17,03-04-17,3,8
749,255,4,03-04-17,03-07-17,03-05-17,2,7
750,232,4,03-04-17,03-07-17,03-05-17,3,8
751,731,4,03-05-17,03-08-17,03-07-17,1,3
752,335,4,03-05-17,03-06-17,03-07-17,2,6
753,1201,4,03-05-17,03-08-17,03-08-17,2,7
754,646,4,03-06-17,03-07-17,03-08-17,1,2
755,531,4,03-06-17,03-07-17,03-07-17,2,6
756,1143,4,03-06-17,03-07-17,03-09-17,2,6
757,1336,4,03-06-17,03-08-17,03-09-17,2,7
758,953,4,03-06-17,03-08-17,03-07-17,3,9
759,284,4,03-07-17,03-09-17,03-08-17,2,7
760,1104,4,03-07-17,03-10-17,03-10-17,2,6
761,1291,4,03-07-17,03-08-17,03-10-17,2,7
762,572,4,03-08-17,03-09-17,03-09-17,2,6
763,842,4,03-08-17,03-10-17,03-09-17,3,9
764,701,4,03-09-17,03-10-17,03-12-17,1,2
765,1152,4,03-09-17,03-11-17,03-12-17,1,2
766,141,4,03-09-17,03-11-17,03-12-17,2,6
767,564,4,03-09-17,03-10-17,03-11-17,2,7
768,841,4,03-09-17,03-12-17,03-10-17,2,7
769,946,4,03-09-17,03-11-17,03-11-17,2,6
770,135,4,03-09-17,03-11-17,03-11-17,3,9
771,671,4,03-11-17,03-14-17,03-12-17,1,3
772,448,4,03-11-17,03-12-17,03-13-17,2,7
773,1385,4,03-11-17,03-12-17,03-12-17,2,6
774,690,4,03-12-17,03-14-17,03-14-17,2,6
775,968,4,03-12-17,03-13-17,03-13-17,2,6
776,490,4,03-13-17,03-15-17,03-16-17,2,6
777,496,4,03-13-17,03-16-17,03-16-17,2,6
778,56,3,03-15-17,03-15-17,,3,9
779,367,4,03-15-17,03-16-17,03-18-17,2,6
780,592,4,03-15-17,03-17-17,03-17-17,2,6
781,1018,4,03-15-17,03-16-17,03-17-17,2,6
782,1298,4,03-15-17,03-16-17,03-18-17,2,7
783,1343,4,03-16-17,03-19-17,03-17-17,1,2
784,430,4,03-16-17,03-19-17,03-19-17,2,7
785,794,4,03-18-17,03-19-17,03-20-17,1,2
786,249,4,03-18-17,03-20-17,03-19-17,2,6
787,700,4,03-18-17,03-20-17,03-19-17,3,9
788,1363,4,03-18-17,03-20-17,03-20-17,3,9
789,772,4,03-19-17,03-20-17,03-20-17,2,6
790,1015,4,03-19-17,03-21-17,03-22-17,2,7
791,432,4,03-20-17,03-22-17,03-23-17,2,6
792,479,4,03-22-17,03-23-17,03-24-17,2,6
793,653,4,03-23-17,03-24-17,03-24-17,2,6
794,863,4,03-23-17,03-25-17,03-24-17,2,7
795,992,4,03-23-17,03-25-17,03-26-17,2,7
796,154,4,03-23-17,03-26-17,03-25-17,3,9
797,374,4,03-24-17,03-26-17,03-26-17,2,7
798,619,4,03-26-17,03-28-17,03-29-17,1,3
799,607,4,03-27-17,03-28-17,03-29-17,1,3
800,1057,4,03-27-17,03-29-17,03-28-17,2,6
801,78,4,03-28-17,03-29-17,03-30-17,1,2
802,340,4,03-28-17,03-29-17,03-30-17,2,6
803,1105,4,03-28-17,03-31-17,03-30-17,3,8
804,95,4,03-29-17,03-31-17,03-30-17,2,6
805,420,4,03-29-17,03-30-17,04-01-17,2,6
806,234,4,03-30-17,03-31-17,03-31-17,2,7
807,1148,4,03-30-17,04-01-17,04-02-17,2,6
808,315,4,03-31-17,04-02-17,04-02-17,2,6
809,1222,4,03-31-17,04-03-17,04-03-17,2,7
810,153,3,04-01-17,04-01-17,,3,8
811,524,4,04-01-17,04-04-17,04-04-17,2,7
812,1164,4,04-01-17,04-02-17,04-03-17,2,7
813,1203,4,04-01-17,04-03-17,04-02-17,3,9
814,629,4,04-02-17,04-05-17,04-03-17,2,7
815,1251,4,04-03-17,04-05-17,04-04-17,1,3
816,811,4,04-03-17,04-05-17,04-05-17,2,6
817,301,4,04-04-17,04-05-17,04-07-17,2,7
818,1319,4,04-04-17,04-07-17,04-07-17,2,6
819,221,4,04-04-17,04-07-17,04-05-17,3,9
820,725,4,04-05-17,04-08-17,04-07-17,2,7
821,1181,4,04-05-17,04-07-17,04-08-17,2,7
822,294,4,04-06-17,04-08-17,04-09-17,2,7
823,415,4,04-06-17,04-07-17,04-08-17,3,8
824,993,4,04-07-17,04-09-17,04-10-17,1,2
825,10,4,04-07-17,04-08-17,04-09-17,2,7
826,45,4,04-07-17,04-10-17,04-10-17,2,6
827,666,4,04-07-17,04-10-17,04-10-17,2,7
828,246,4,04-09-17,04-10-17,04-12-17,2,6
829,674,4,04-09-17,04-10-17,04-10-17,2,7
830,431,4,04-11-17,04-14-17,04-12-17,2,6
831,1000,4,04-11-17,04-12-17,04-12-17,2,7
832,1215,4,04-11-17,04-12-17,04-12-17,2,7
833,406,4,04-12-17,04-14-17,04-15-17,2,7
834,890,4,04-12-17,04-13-17,04-15-17,2,6
835,940,4,04-13-17,04-15-17,04-14-17,1,2
836,455,4,04-13-17,04-16-17,04-14-17,2,6
837,948,4,04-13-17,04-16-17,04-14-17,2,7
838,1395,4,04-14-17,04-17-17,04-15-17,2,7
839,1332,4,04-15-17,04-18-17,04-16-17,1,3
840,372,4,04-15-17,04-16-17,04-16-17,2,6
841,428,4,04-15-17,04-18-17,04-17-17,2,7
842,1133,4,04-15-17,04-18-17,04-16-17,2,6
843,1059,4,04-16-17,04-17-17,04-19-17,2,7
844,1436,4,04-16-17,04-17-17,04-18-17,2,6
845,662,4,04-17-17,04-18-17,04-18-17,2,7
846,715,4,04-17-17,04-19-17,04-19-17,2,6
847,329,4,04-18-17,04-19-17,04-19-17,2,7
848,597,4,04-18-17,04-20-17,04-20-17,2,7
849,776,4,04-19-17,04-20-17,04-21-17,1,2
850,1346,4,04-19-17,04-22-17,04-22-17,1,3
851,1139,4,04-20-17,04-21-17,04-22-17,2,6
852,13,4,04-21-17,04-23-17,04-22-17,3,9
853,883,4,04-21-17,04-24-17,04-24-17,3,8
854,177,4,04-22-17,04-25-17,04-23-17,2,6
855,775,4,04-22-17,04-23-17,04-25-17,2,6
856,477,4,04-23-17,04-25-17,04-26-17,2,6
857,1402,4,04-24-17,04-25-17,04-26-17,2,7
858,162,4,04-25-17,04-27-17,04-28-17,2,6
859,644,4,04-25-17,04-26-17,04-26-17,2,6
860,473,4,04-27-17,04-29-17,04-28-17,2,7
861,1177,4,04-27-17,04-29-17,04-30-17,2,7
862,1230,4,04-27-17,04-30-17,04-29-17,3,8
863,446,4,04-28-17,04-30-17,05-01-17,2,7
864,902,4,04-28-17,04-30-17,04-29-17,2,6
865,974,4,04-29-17,05-02-17,05-01-17,2,6
866,1410,4,04-29-17,04-30-17,05-01-17,2,6
867,97,4,05-01-17,05-03-17,05-02-17,1,3
868,868,4,05-01-17,05-04-17,05-02-17,1,3
869,844,4,05-01-17,05-04-17,05-02-17,2,7
870,1416,4,05-01-17,05-04-17,05-02-17,2,6
871,358,4,05-02-17,05-04-17,05-03-17,2,7
872,394,4,05-03-17,05-06-17,05-06-17,1,3
873,829,4,05-03-17,05-05-17,05-05-17,2,7
874,661,4,05-04-17,05-05-17,05-06-17,2,7
875,386,4,05-05-17,05-06-17,05-08-17,1,3
876,1046,4,05-05-17,05-08-17,05-06-17,2,7
877,784,4,05-06-17,05-07-17,05-08-17,2,6
878,224,4,05-07-17,05-10-17,05-09-17,1,3
879,214,4,05-08-17,05-09-17,05-09-17,2,7
880,1206,4,05-08-17,05-11-17,05-10-17,2,6
881,1024,4,05-08-17,05-11-17,05-11-17,3,9
882,196,4,05-09-17,05-12-17,05-10-17,2,6
883,507,4,05-11-17,05-13-17,05-14-17,2,6
884,871,4,05-11-17,05-13-17,05-12-17,2,7
885,66,3,05-13-17,05-13-17,,3,8
886,1396,4,05-13-17,05-14-17,05-15-17,1,2
887,1195,4,05-13-17,05-15-17,05-15-17,2,6
888,1038,4,05-14-17,05-16-17,05-16-17,2,7
889,830,4,05-14-17,05-17-17,05-15-17,3,8
890,171,4,05-15-17,05-18-17,05-18-17,2,6
891,384,4,05-15-17,05-18-17,05-16-17,2,6
892,651,4,05-15-17,05-18-17,05-17-17,2,7
893,1293,4,05-16-17,05-19-17,05-19-17,2,7
894,1320,4,05-16-17,05-19-17,05-19-17,2,6
895,857,4,05-18-17,05-21-17,05-19-17,2,6
896,376,4,05-19-17,05-22-17,05-21-17,3,9
897,47,4,05-20-17,05-21-17,05-21-17,1,2
898,352,4,05-20-17,05-21-17,05-22-17,2,6
899,605,4,05-20-17,05-21-17,05-21-17,2,7
900,971,4,05-20-17,05-21-17,05-22-17,2,6
901,345,4,05-21-17,05-22-17,05-24-17,2,7
902,1278,4,05-21-17,05-24-17,05-22-17,2,6
903,179,4,05-22-17,05-23-17,05-24-17,2,7
904,1020,4,05-23-17,05-26-17,05-24-17,1,2
905,609,4,05-23-17,05-26-17,05-24-17,2,6
906,877,4,05-23-17,05-26-17,05-26-17,2,7
907,120,4,05-24-17,05-26-17,05-27-17,1,2
908,402,4,05-25-17,05-28-17,05-27-17,2,7
909,188,4,05-26-17,05-27-17,05-28-17,1,2
910,342,4,05-26-17,05-28-17,05-28-17,2,7
911,887,4,05-26-17,05-29-17,05-29-17,2,6
912,519,4,05-27-17,05-29-17,05-29-17,1,2
913,699,4,05-27-17,05-29-17,05-29-17,2,6
914,1068,4,05-28-17,05-31-17,05-31-17,1,2
915,215,4,05-28-17,05-30-17,05-30-17,2,6
916,718,4,05-28-17,05-29-17,05-29-17,2,6
917,881,4,05-29-17,05-31-17,06-01-17,1,2
918,242,4,05-30-17,05-31-17,05-31-17,1,3
919,781,4,05-30-17,05-31-17,05-31-17,2,7
920,966,4,05-30-17,06-01-17,06-02-17,2,7
921,628,4,05-31-17,06-02-17,06-02-17,2,6
922,656,4,05-31-17,06-01-17,06-03-17,2,6
923,769,4,05-31-17,06-03-17,06-02-17,2,7
924,68,3,06-02-17,06-02-17,,3,8
925,1316,4,06-02-17,06-05-17,06-03-17,2,7
926,233,4,06-03-17,06-05-17,06-06-17,1,2
927,1438,4,06-03-17,06-05-17,06-06-17,1,2
928,957,4,06-05-17,06-06-17,06-06-17,1,3
929,472,4,06-05-17,06-06-17,06-08-17,2,6
930,1224,4,06-05-17,06-06-17,06-06-17,3,9
931,631,4,06-07-17,06-08-17,06-08-17,2,6
932,804,4,06-07-17,06-08-17,06-09-17,2,6
933,909,4,06-07-17,06-10-17,06-08-17,2,6
934,93,4,06-09-17,06-10-17,06-12-17,2,7
935,43,3,06-10-17,06-10-17,,3,8
936,265,4,06-10-17,06-13-17,06-12-17,2,6
937,73,4,06-11-17,06-14-17,06-13-17,2,7
938,129,4,06-11-17,06-12-17,06-12-17,2,6
939,1407,4,06-11-17,06-12-17,06-14-17,2,6
940,585,4,06-12-17,06-14-17,06-13-17,1,2
941,736,4,06-12-17,06-14-17,06-14-17,1,2
942,537,4,06-13-17,06-16-17,06-15-17,2,6
943,1025,4,06-13-17,06-15-17,06-15-17,2,6
944,138,4,06-14-17,06-15-17,06-17-17,1,3
945,167,4,06-14-17,06-15-17,06-16-17,2,7
946,525,4,06-14-17,06-16-17,06-15-17,2,6
947,278,4,06-15-17,06-18-17,06-17-17,1,3
948,618,4,06-15-17,06-17-17,06-17-17,2,6
949,867,4,06-16-17,06-18-17,06-17-17,1,3
950,142,4,06-16-17,06-19-17,06-18-17,2,6
951,339,4,06-16-17,06-19-17,06-19-17,2,7
952,355,4,06-16-17,06-18-17,06-18-17,2,7
953,658,4,06-16-17,06-18-17,06-17-17,2,7
954,611,4,06-17-17,06-20-17,06-20-17,2,6
955,880,4,06-17-17,06-19-17,06-18-17,2,6
956,1184,4,06-17-17,06-19-17,06-20-17,2,6
957,722,4,06-17-17,06-20-17,06-20-17,3,9
958,1276,4,06-18-17,06-20-17,06-19-17,1,2
959,650,4,06-18-17,06-21-17,06-21-17,2,7
960,1390,4,06-18-17,06-19-17,06-19-17,2,7
961,82,4,06-19-17,06-21-17,06-22-17,1,2
962,570,4,06-19-17,06-22-17,06-20-17,2,7
963,1432,4,06-19-17,06-21-17,06-21-17,2,6
964,404,4,06-20-17,06-22-17,06-22-17,2,7
965,457,4,06-20-17,06-22-17,06-23-17,2,6
966,389,4,06-20-17,06-22-17,06-22-17,3,8
967,1323,4,06-21-17,06-24-17,06-24-17,2,6
968,1403,4,06-21-17,06-23-17,06-23-17,2,6
969,248,4,06-21-17,06-24-17,06-22-17,3,9
970,836,4,06-22-17,06-25-17,06-23-17,2,7
971,1426,4,06-22-17,06-23-17,06-24-17,3,8
972,270,4,06-23-17,06-24-17,06-25-17,2,7
973,238,4,06-24-17,06-27-17,06-27-17,2,6
974,511,4,06-24-17,06-27-17,06-27-17,3,8
975,1092,4,06-25-17,06-27-17,06-28-17,2,6
976,1266,4,06-25-17,06-28-17,06-27-17,3,9
977,400,4,06-26-17,06-28-17,06-27-17,2,7
978,1123,4,06-26-17,06-28-17,06-27-17,2,6
979,1190,4,06-26-17,06-29-17,06-27-17,2,6
980,328,4,06-26-17,06-28-17,06-27-17,3,9
981,687,4,06-26-17,06-29-17,06-28-17,3,8
982,1423,4,06-26-17,06-29-17,06-28-17,3,9
983,1158,4,06-27-17,06-28-17,06-29-17,2,6
984,1287,4,06-27-17,06-28-17,06-29-17,2,7
985,461,4,06-30-17,07-02-17,07-01-17,2,6
986,556,4,06-30-17,07-03-17,07-01-17,2,7
987,172,4,07-02-17,07-04-17,07-04-17,1,2
988,436,4,07-02-17,07-04-17,07-05-17,2,6
989,1145,4,07-02-17,07-04-17,07-03-17,2,6
990,706,4,07-04-17,07-07-17,07-07-17,2,7
991,751,4,07-06-17,07-07-17,07-09-17,1,2
992,723,4,07-07-17,07-10-17,07-09-17,2,7
993,1415,4,07-09-17,07-11-17,07-11-17,1,3
994,419,4,07-09-17,07-11-17,07-11-17,2,7
995,621,4,07-11-17,07-13-17,07-14-17,1,2
996,915,4,07-11-17,07-12-17,07-12-17,1,2
997,485,4,07-11-17,07-13-17,07-14-17,2,7
998,219,4,07-12-17,07-13-17,07-14-17,2,7
999,590,4,07-12-17,07-13-17,07-14-17,2,6
1000,645,4,07-12-17,07-14-17,07-15-17,2,7
1001,354,4,07-13-17,07-16-17,07-15-17,2,6
1002,1418,4,07-14-17,07-16-17,07-16-17,1,3
1003,503,4,07-14-17,07-16-17,07-16-17,2,7
1004,1389,4,07-14-17,07-17-17,07-16-17,2,6
1005,266,4,07-15-17,07-17-17,07-16-17,2,7
1006,1070,4,07-15-17,07-18-17,07-17-17,2,7
1007,1115,4,07-16-17,07-17-17,07-17-17,2,6
1008,1345,4,07-16-17,07-18-17,07-18-17,2,6
1009,1064,4,07-16-17,07-19-17,07-19-17,3,8
1010,8,3,07-18-17,07-18-17,,2,7
1011,495,4,07-18-17,07-21-17,07-21-17,1,3
1012,620,4,07-18-17,07-20-17,07-20-17,2,7
1013,174,4,07-19-17,07-22-17,07-21-17,2,6
1014,748,4,07-19-17,07-21-17,07-21-17,2,6
1015,799,4,07-19-17,07-22-17,07-21-17,2,7
1016,1417,4,07-19-17,07-20-17,07-21-17,3,9
1017,168,4,07-20-17,07-21-17,07-23-17,2,6
1018,290,4,07-22-17,07-23-17,07-23-17,2,6
1019,408,4,07-22-17,07-23-17,07-24-17,2,7
1020,16,3,07-23-17,07-23-17,,2,6
1021,125,4,07-23-17,07-24-17,07-26-17,2,6
1022,353,4,07-23-17,07-26-17,07-24-17,2,7
1023,356,4,07-23-17,07-26-17,07-25-17,2,6
1024,837,4,07-23-17,07-25-17,07-26-17,2,7
1025,1304,4,07-23-17,07-26-17,07-26-17,2,6
1026,1370,4,07-26-17,07-28-17,07-29-17,1,2
1027,588,4,07-26-17,07-28-17,07-28-17,2,6
1028,1273,4,07-27-17,07-28-17,07-30-17,2,7
1029,407,4,07-29-17,07-30-17,08-01-17,1,3
1030,161,4,07-29-17,07-30-17,07-31-17,2,6
1031,1308,4,07-30-17,08-01-17,08-02-17,1,2
1032,429,4,07-30-17,08-02-17,08-01-17,2,6
1033,582,4,07-30-17,07-31-17,08-02-17,2,7
1034,895,4,07-30-17,07-31-17,07-31-17,2,7
1035,1283,4,07-30-17,08-02-17,08-02-17,2,6
1036,1442,4,07-30-17,08-01-17,07-31-17,2,6
1037,1229,4,07-31-17,08-02-17,08-03-17,2,6
1038,1281,4,07-31-17,08-01-17,08-03-17,2,7
1039,1077,4,08-02-17,08-04-17,08-03-17,2,7
1040,1225,4,08-04-17,08-07-17,08-05-17,1,2
1041,70,4,08-04-17,08-06-17,08-05-17,2,7
1042,539,4,08-06-17,08-07-17,08-07-17,2,7
1043,1235,4,08-06-17,08-09-17,08-08-17,2,6
1044,1270,4,08-07-17,08-10-17,08-08-17,2,7
1045,185,4,08-07-17,08-09-17,08-10-17,3,9
1046,1134,4,08-07-17,08-09-17,08-08-17,3,8
1047,116,3,08-08-17,08-08-17,,3,8
1048,777,4,08-08-17,08-10-17,08-09-17,2,7
1049,194,4,08-09-17,08-11-17,08-10-17,1,2
1050,239,4,08-09-17,08-12-17,08-12-17,1,3
1051,209,4,08-10-17,08-11-17,08-11-17,2,7
1052,460,4,08-10-17,08-12-17,08-13-17,2,6
1053,1439,4,08-10-17,08-11-17,08-12-17,2,6
1054,189,4,08-11-17,08-12-17,08-12-17,2,7
1055,140,4,08-12-17,08-15-17,08-15-17,2,6
1056,325,4,08-12-17,08-15-17,08-13-17,2,7
1057,456,4,08-12-17,08-15-17,08-13-17,2,7
1058,782,4,08-13-17,08-16-17,08-14-17,2,6
1059,6,4,08-14-17,08-17-17,08-17-17,2,7
1060,182,4,08-15-17,08-18-17,08-17-17,2,6
1061,655,4,08-15-17,08-18-17,08-18-17,2,7
1062,1210,4,08-15-17,08-17-17,08-18-17,2,6
1063,198,4,08-16-17,08-19-17,08-19-17,3,8
1064,898,4,08-16-17,08-18-17,08-19-17,3,9
1065,25,4,08-17-17,08-19-17,08-19-17,2,7
1066,106,4,08-17-17,08-20-17,08-19-17,2,7
1067,225,4,08-17-17,08-19-17,08-19-17,2,7
1068,453,4,08-17-17,08-20-17,08-19-17,2,7
1069,493,4,08-17-17,08-19-17,08-18-17,2,6
1070,596,4,08-17-17,08-20-17,08-18-17,2,7
1071,602,4,08-17-17,08-20-17,08-18-17,3,8
1072,47,3,08-18-17,08-18-17,,1,3
1073,911,4,08-18-17,08-19-17,08-21-17,2,7
1074,11,3,08-19-17,08-19-17,,2,6
1075,1003,4,08-19-17,08-21-17,08-22-17,1,3
1076,42,4,08-19-17,08-22-17,08-22-17,2,6
1077,412,4,08-19-17,08-20-17,08-21-17,2,6
1078,793,4,08-19-17,08-21-17,08-20-17,2,6
1079,812,4,08-19-17,08-20-17,08-20-17,2,7
1080,1086,4,08-19-17,08-20-17,08-20-17,2,7
1081,1106,4,08-19-17,08-22-17,08-22-17,2,6
1082,1327,4,08-20-17,08-22-17,08-21-17,2,6
1083,1372,4,08-20-17,08-23-17,08-23-17,2,6
1084,2,4,08-21-17,08-24-17,08-23-17,1,2
1085,305,4,08-21-17,08-23-17,08-23-17,1,3
1086,220,4,08-21-17,08-23-17,08-24-17,2,7
1087,675,4,08-22-17,08-23-17,08-25-17,3,8
1088,1160,4,08-22-17,08-23-17,08-23-17,3,8
1089,46,3,08-23-17,08-23-17,,1,2
1090,1427,4,08-24-17,08-26-17,08-26-17,1,2
1091,1260,4,08-24-17,08-25-17,08-25-17,2,7
1092,40,4,08-25-17,08-28-17,08-27-17,1,2
1093,326,4,08-25-17,08-28-17,08-26-17,1,3
1094,828,4,08-25-17,08-27-17,08-28-17,2,6
1095,1382,4,08-26-17,08-28-17,08-27-17,3,9
1096,589,4,08-27-17,08-29-17,08-29-17,1,2
1097,1311,4,08-27-17,08-30-17,08-28-17,2,6
1098,752,4,08-28-17,08-30-17,08-30-17,1,2
1099,1128,4,08-28-17,08-29-17,08-30-17,2,6
1100,1392,4,08-28-17,08-29-17,08-29-17,2,7
1101,379,4,08-29-17,08-30-17,08-30-17,2,7
1102,1317,4,08-29-17,08-31-17,08-31-17,2,6
1103,1394,4,08-31-17,09-02-17,09-02-17,2,7
1104,268,4,09-01-17,09-04-17,09-03-17,2,6
1105,747,4,09-01-17,09-04-17,09-03-17,3,8
1106,1009,4,09-02-17,09-04-17,09-04-17,2,6
1107,1424,4,09-02-17,09-05-17,09-05-17,2,7
1108,735,4,09-03-17,09-05-17,09-04-17,1,3
1109,23,4,09-03-17,09-04-17,09-04-17,2,6
1110,912,4,09-04-17,09-07-17,09-07-17,2,6
1111,930,4,09-04-17,09-06-17,09-05-17,2,6
1112,798,4,09-05-17,09-08-17,09-07-17,2,7
1113,388,4,09-06-17,09-08-17,09-07-17,2,7
1114,1036,4,09-06-17,09-08-17,09-08-17,2,6
1115,1100,4,09-07-17,09-09-17,09-09-17,2,6
1116,52,4,09-08-17,09-10-17,09-10-17,2,7
1117,334,4,09-08-17,09-10-17,09-10-17,2,6
1118,1023,4,09-08-17,09-11-17,09-11-17,2,6
1119,749,4,09-10-17,09-12-17,09-13-17,1,2
1120,1269,4,09-10-17,09-12-17,09-13-17,2,7
1121,143,4,09-11-17,09-13-17,09-12-17,2,7
1122,1132,4,09-12-17,09-14-17,09-14-17,2,6
1123,598,4,09-13-17,09-14-17,09-14-17,2,7
1124,275,4,09-13-17,09-14-17,09-16-17,3,9
1125,945,4,09-14-17,09-15-17,09-15-17,2,7
1126,1213,4,09-14-17,09-16-17,09-15-17,3,8
1127,494,4,09-15-17,09-16-17,09-16-17,2,7
1128,936,4,09-15-17,09-17-17,09-16-17,2,6
1129,663,4,09-17-17,09-18-17,09-20-17,2,6
1130,69,4,09-18-17,09-20-17,09-20-17,1,3
1131,1178,4,09-18-17,09-20-17,09-19-17,1,3
1132,351,4,09-19-17,09-20-17,09-20-17,2,6
1133,517,4,09-19-17,09-21-17,09-21-17,2,7
1134,978,4,09-19-17,09-22-17,09-20-17,2,6
1135,1347,4,09-19-17,09-21-17,09-20-17,2,6
1136,1050,4,09-20-17,09-21-17,09-21-17,2,6
1137,810,4,09-20-17,09-23-17,09-23-17,3,8
1138,254,4,09-21-17,09-23-17,09-22-17,1,2
1139,1006,4,09-21-17,09-22-17,09-23-17,1,2
1140,1063,4,09-21-17,09-22-17,09-22-17,3,8
1141,1076,4,09-22-17,09-23-17,09-24-17,1,2
1142,554,4,09-23-17,09-26-17,09-26-17,1,3
1143,1087,4,09-24-17,09-26-17,09-27-17,1,2
1144,1414,4,09-24-17,09-27-17,09-27-17,2,7
1145,617,4,09-25-17,09-27-17,09-26-17,2,6
1146,757,4,09-25-17,09-26-17,09-28-17,2,7
1147,1344,4,09-25-17,09-26-17,09-27-17,2,6
1148,1379,4,09-25-17,09-26-17,09-27-17,2,7
1149,787,4,09-27-17,09-30-17,09-30-17,2,7
1150,1183,4,09-28-17,10-01-17,09-30-17,2,7
1151,708,4,09-29-17,09-30-17,09-30-17,1,3
1152,1244,4,09-29-17,10-02-17,10-01-17,2,6
1153,720,4,09-30-17,10-03-17,10-03-17,2,7
1154,789,4,09-30-17,10-03-17,10-03-17,2,7
1155,865,4,09-30-17,10-01-17,10-01-17,2,7
1156,869,4,09-30-17,10-03-17,10-03-17,2,7
1157,24,4,10-01-17,10-03-17,10-04-17,1,3
1158,889,4,10-01-17,10-03-17,10-02-17,1,2
1159,1221,4,10-01-17,10-02-17,10-03-17,1,3
1160,1262,4,10-01-17,10-02-17,10-04-17,1,2
1161,41,4,10-01-17,10-04-17,10-02-17,2,7
1162,888,4,10-01-17,10-03-17,10-03-17,2,6
1163,934,4,10-01-17,10-02-17,10-02-17,2,6
1164,1067,4,10-01-17,10-02-17,10-03-17,2,6
1165,652,4,10-02-17,10-03-17,10-05-17,2,7
1166,286,4,10-03-17,10-04-17,10-04-17,2,7
1167,900,4,10-04-17,10-07-17,10-06-17,1,2
1168,1031,4,10-04-17,10-05-17,10-06-17,2,6
1169,1421,4,10-04-17,10-06-17,10-07-17,2,7
1170,534,4,10-05-17,10-07-17,10-06-17,2,6
1171,826,4,10-05-17,10-06-17,10-08-17,2,6
1172,1339,4,10-07-17,10-10-17,10-09-17,2,7
1173,548,4,10-08-17,10-10-17,10-09-17,2,7
1174,1109,4,10-08-17,10-10-17,10-11-17,2,6
1175,292,4,10-09-17,10-11-17,10-12-17,2,6
1176,1111,4,10-10-17,10-13-17,10-11-17,3,9
1177,21,3,10-12-17,10-12-17,,3,9
1178,771,4,10-12-17,10-15-17,10-13-17,2,6
1179,1150,4,10-12-17,10-15-17,10-15-17,3,9
1180,1065,4,10-13-17,10-16-17,10-16-17,1,3
1181,1022,4,10-13-17,10-16-17,10-15-17,2,7
1182,1422,4,10-13-17,10-14-17,10-16-17,2,7
1183,216,4,10-14-17,10-17-17,10-17-17,2,6
1184,369,4,10-14-17,10-15-17,10-16-17,2,6
1185,960,4,10-14-17,10-16-17,10-17-17,2,6
1186,1120,4,10-14-17,10-16-17,10-15-17,2,6
1187,486,4,10-15-17,10-18-17,10-16-17,2,6
1188,647,4,10-15-17,10-18-17,10-17-17,2,7
1189,1090,4,10-15-17,10-17-17,10-18-17,2,6
1190,34,4,10-16-17,10-19-17,10-17-17,2,6
1191,186,4,10-17-17,10-18-17,10-18-17,2,6
1192,1114,4,10-17-17,10-19-17,10-18-17,2,6
1193,1412,4,10-17-17,10-19-17,10-19-17,2,7
1194,192,4,10-19-17,10-22-17,10-22-17,1,2
1195,229,4,10-19-17,10-21-17,10-21-17,2,7
1196,508,4,10-19-17,10-21-17,10-20-17,2,6
1197,269,4,10-21-17,10-23-17,10-23-17,2,6
1198,1289,4,10-22-17,10-24-17,10-24-17,2,7
1199,318,4,10-23-17,10-24-17,10-26-17,1,2
1200,48,4,10-23-17,10-25-17,10-26-17,2,6
1201,201,4,10-23-17,10-24-17,10-24-17,2,6
1202,593,4,10-24-17,10-25-17,10-25-17,2,6
1203,1191,4,10-25-17,10-27-17,10-26-17,2,7
1204,1277,4,10-25-17,10-28-17,10-28-17,2,6
1205,1091,4,10-26-17,10-28-17,10-28-17,1,2
1206,222,4,10-26-17,10-29-17,10-29-17,2,6
1207,1002,4,10-26-17,10-28-17,10-27-17,2,6
1208,1226,4,10-26-17,10-28-17,10-27-17,2,7
1209,1342,4,10-26-17,10-27-17,10-29-17,2,7
1210,730,4,10-26-17,10-27-17,10-29-17,3,8
1211,19,4,10-27-17,10-28-17,10-29-17,2,7
1212,213,4,10-27-17,10-30-17,10-29-17,2,6
1213,669,4,10-27-17,10-29-17,10-29-17,3,9
1214,783,4,10-28-17,10-29-17,10-29-17,2,6
1215,807,4,10-28-17,10-31-17,10-30-17,2,7
1216,886,4,10-28-17,10-30-17,10-29-17,2,7
1217,1155,4,10-28-17,10-31-17,10-30-17,2,7
1218,1017,4,10-30-17,11-01-17,10-31-17,1,2
1219,840,4,10-30-17,11-02-17,11-02-17,2,7
1220,803,4,10-31-17,11-03-17,11-03-17,2,6
1221,1290,4,10-31-17,11-02-17,11-01-17,2,7
1222,482,4,11-01-17,11-04-17,11-03-17,3,9
1223,1207,4,11-02-17,11-03-17,11-03-17,2,6
1224,544,4,11-03-17,11-04-17,11-04-17,2,6
1225,768,4,11-04-17,11-05-17,11-07-17,1,2
1226,226,4,11-04-17,11-07-17,11-06-17,2,7
1227,702,4,11-04-17,11-07-17,11-06-17,2,6
1228,1041,4,11-04-17,11-06-17,11-06-17,2,6
1229,89,4,11-05-17,11-08-17,11-06-17,1,3
1230,1107,4,11-05-17,11-06-17,11-07-17,2,6
1231,1180,4,11-05-17,11-07-17,11-06-17,2,6
1232,665,4,11-06-17,11-07-17,11-09-17,1,3
1233,462,4,11-06-17,11-07-17,11-08-17,2,6
1234,19,3,11-07-17,11-07-17,,2,6
1235,210,4,11-07-17,11-08-17,11-09-17,2,6
1236,243,4,11-08-17,11-11-17,11-09-17,2,7
1237,571,4,11-09-17,11-12-17,11-11-17,1,2
1238,998,4,11-09-17,11-10-17,11-11-17,2,6
1239,1197,4,11-09-17,11-10-17,11-11-17,2,7
1240,903,4,11-10-17,11-11-17,11-11-17,2,7
1241,1170,4,11-10-17,11-12-17,11-11-17,2,7
1242,303,4,11-11-17,11-12-17,11-12-17,2,6
1243,346,4,11-11-17,11-13-17,11-14-17,2,6
1244,333,4,11-12-17,11-14-17,11-13-17,2,6
1245,1166,4,11-13-17,11-16-17,11-14-17,2,7
1246,1329,4,11-13-17,11-16-17,11-16-17,2,7
1247,426,4,11-16-17,11-18-17,11-17-17,1,2
1248,1367,4,11-16-17,11-17-17,11-18-17,1,3
1249,545,4,11-17-17,11-18-17,11-20-17,2,6
1250,1188,4,11-17-17,11-19-17,11-18-17,2,6
1251,289,4,11-17-17,11-19-17,11-19-17,3,9
1252,110,4,11-18-17,11-20-17,11-21-17,1,3
1253,44,4,11-18-17,11-21-17,11-21-17,2,6
1254,1098,4,11-18-17,11-19-17,11-19-17,2,7
1255,375,4,11-19-17,11-20-17,11-21-17,2,6
1256,458,4,11-19-17,11-20-17,11-22-17,2,6
1257,1136,4,11-19-17,11-22-17,11-20-17,2,7
1258,1099,4,11-20-17,11-21-17,11-22-17,2,7
1259,4,3,11-21-17,11-21-17,,2,7
1260,1117,4,11-22-17,11-23-17,11-24-17,2,6
1261,435,4,11-23-17,11-25-17,11-24-17,2,7
1262,509,4,11-23-17,11-26-17,11-26-17,2,6
1263,1408,4,11-23-17,11-26-17,11-26-17,2,6
1264,113,4,11-24-17,11-27-17,11-25-17,2,6
1265,950,4,11-24-17,11-27-17,11-27-17,2,7
1266,387,4,11-25-17,11-28-17,11-27-17,2,6
1267,467,4,11-25-17,11-26-17,11-26-17,2,6
1268,774,4,11-26-17,11-28-17,11-29-17,1,3
1269,1236,4,11-26-17,11-29-17,11-29-17,2,6
1270,1388,4,11-26-17,11-29-17,11-29-17,2,6
1271,734,4,11-27-17,11-30-17,11-30-17,2,6
1272,935,4,11-27-17,11-29-17,11-30-17,2,6
1273,1268,4,11-27-17,11-29-17,11-29-17,2,6
1274,1364,4,11-28-17,11-29-17,12-01-17,2,7
1275,165,4,11-29-17,12-01-17,11-30-17,1,2
1276,893,4,11-30-17,12-03-17,12-02-17,2,6
1277,227,4,12-01-17,12-04-17,12-02-17,2,6
1278,980,4,12-01-17,12-02-17,12-04-17,2,7
1279,1014,4,12-01-17,12-04-17,12-03-17,2,6
1280,123,4,12-01-17,12-03-17,12-03-17,3,9
1281,1060,4,12-02-17,12-05-17,12-05-17,2,6
1282,320,4,12-03-17,12-05-17,12-05-17,2,6
1283,85,4,12-04-17,12-07-17,12-07-17,2,7
1284,128,4,12-04-17,12-06-17,12-07-17,2,7
1285,262,4,12-04-17,12-07-17,12-07-17,2,7
1286,1033,4,12-04-17,12-07-17,12-06-17,2,7
1287,279,4,12-07-17,12-10-17,12-09-17,1,3
1288,778,4,12-07-17,12-10-17,12-09-17,3,9
1289,1292,4,12-08-17,12-11-17,12-10-17,1,3
1290,967,4,12-08-17,12-10-17,12-10-17,2,6
1291,1284,4,12-09-17,12-11-17,12-12-17,2,6
1292,285,4,12-10-17,12-13-17,12-11-17,2,6
1293,1401,4,12-10-17,12-12-17,12-11-17,2,7
1294,947,4,12-11-17,12-13-17,12-14-17,1,2
1295,37,4,12-11-17,12-12-17,12-14-17,2,7
1296,231,4,12-14-17,12-17-17,12-15-17,1,3
1297,108,4,12-14-17,12-17-17,12-16-17,2,6
1298,533,4,12-14-17,12-17-17,12-16-17,3,9
1299,1216,4,12-15-17,12-18-17,12-16-17,1,2
1300,824,4,12-15-17,12-17-17,12-17-17,2,6
1301,1088,4,12-16-17,12-19-17,12-19-17,1,3
1302,322,4,12-16-17,12-18-17,12-19-17,2,7
1303,878,4,12-16-17,12-19-17,12-18-17,2,7
1304,1409,4,12-16-17,12-17-17,12-17-17,2,6
1305,257,4,12-17-17,12-19-17,12-18-17,2,7
1306,28,4,12-20-17,12-21-17,12-22-17,2,6
1307,1384,4,12-22-17,12-23-17,12-25-17,1,2
1308,713,4,12-22-17,12-24-17,12-24-17,2,7
1309,821,4,12-22-17,12-25-17,12-24-17,2,6
1310,444,4,12-24-17,12-25-17,12-26-17,1,3
1311,1021,4,12-24-17,12-26-17,12-27-17,2,6
1312,311,4,12-25-17,12-28-17,12-26-17,1,3
1313,1294,4,12-25-17,12-27-17,12-27-17,1,3
1314,1027,4,12-25-17,12-26-17,12-28-17,2,7
1315,931,4,12-25-17,12-27-17,12-28-17,3,9
1316,846,4,12-26-17,12-29-17,12-27-17,1,3
1317,418,4,12-27-17,12-28-17,12-29-17,1,3
1318,75,4,12-27-17,12-30-17,12-29-17,2,6
1319,604,4,12-27-17,12-30-17,12-30-17,2,6
1320,244,4,12-28-17,12-30-17,12-29-17,1,3
1321,217,4,12-30-17,12-31-17,12-31-17,1,3
1322,39,4,12-31-17,01-03-18,01-02-18,2,7
1323,273,4,12-31-17,01-01-18,01-01-18,2,6
1324,862,4,01-01-18,01-04-18,01-03-18,2,6
1325,68,4,01-01-18,01-02-18,01-03-18,3,8
1326,567,4,01-01-18,01-03-18,01-02-18,3,9
1327,1026,4,01-02-18,01-03-18,01-05-18,2,6
1328,1083,4,01-02-18,01-03-18,01-03-18,2,6
1329,443,4,01-04-18,01-05-18,01-06-18,1,3
1330,761,4,01-04-18,01-05-18,01-07-18,2,7
1331,1122,4,01-05-18,01-06-18,01-08-18,2,6
1332,256,4,01-06-18,01-07-18,01-09-18,2,7
1333,203,4,01-06-18,01-07-18,01-07-18,3,8
1334,425,4,01-07-18,01-09-18,01-10-18,2,6
1335,955,4,01-07-18,01-08-18,01-08-18,2,7
1336,904,4,01-09-18,01-10-18,01-12-18,1,2
1337,970,4,01-09-18,01-12-18,01-12-18,2,7
1338,905,4,01-10-18,01-11-18,01-13-18,2,6
1339,580,4,01-11-18,01-14-18,01-13-18,1,3
1340,1066,4,01-12-18,01-13-18,01-13-18,1,3
1341,1258,4,01-12-18,01-13-18,01-14-18,2,7
1342,1393,4,01-12-18,01-13-18,01-15-18,2,7
1343,594,4,01-13-18,01-15-18,01-14-18,2,6
1344,916,4,01-13-18,01-16-18,01-15-18,2,6
1345,1037,4,01-14-18,01-15-18,01-15-18,2,6
1346,136,4,01-14-18,01-15-18,01-15-18,3,8
1347,247,4,01-15-18,01-18-18,01-18-18,1,2
1348,1214,4,01-15-18,01-17-18,01-17-18,1,2
1349,464,4,01-15-18,01-17-18,01-16-18,2,6
1350,637,4,01-15-18,01-18-18,01-17-18,2,7
1351,1016,4,01-16-18,01-19-18,01-19-18,2,7
1352,1433,4,01-16-18,01-18-18,01-18-18,2,6
1353,502,4,01-17-18,01-19-18,01-18-18,2,6
1354,476,4,01-19-18,01-20-18,01-21-18,1,3
1355,1010,4,01-19-18,01-21-18,01-20-18,2,7
1356,1161,4,01-19-18,01-21-18,01-22-18,2,6
1357,440,4,01-20-18,01-23-18,01-21-18,2,6
1358,253,4,01-21-18,01-23-18,01-24-18,1,2
1359,1008,4,01-21-18,01-22-18,01-22-18,3,9
1360,71,4,01-22-18,01-25-18,01-24-18,2,6
1361,1084,4,01-22-18,01-24-18,01-23-18,2,7
1362,310,4,01-23-18,01-24-18,01-25-18,2,6
1363,860,4,01-24-18,01-25-18,01-25-18,2,6
1364,122,4,01-25-18,01-28-18,01-28-18,2,6
1365,689,4,01-25-18,01-28-18,01-27-18,2,7
1366,1441,4,01-26-18,01-27-18,01-28-18,2,6
1367,1118,4,01-27-18,01-28-18,01-28-18,1,3
1368,765,4,01-27-18,01-28-18,01-29-18,2,6
1369,92,4,01-28-18,01-30-18,01-30-18,2,6
1370,115,4,01-28-18,01-29-18,01-29-18,2,7
1371,937,4,01-29-18,01-30-18,02-01-18,2,7
1372,1013,4,01-29-18,02-01-18,01-30-18,2,6
1373,427,4,01-29-18,01-31-18,01-31-18,3,9
1374,1330,4,01-30-18,02-01-18,02-01-18,1,3
1375,312,4,01-30-18,02-01-18,02-01-18,3,8
1376,1186,4,02-01-18,02-02-18,02-03-18,1,2
1377,1007,4,02-01-18,02-03-18,02-03-18,2,7
1378,983,4,02-02-18,02-05-18,02-04-18,1,2
1379,1256,4,02-02-18,02-05-18,02-05-18,2,6
1380,818,4,02-05-18,02-08-18,02-08-18,1,3
1381,680,4,02-05-18,02-06-18,02-08-18,2,7
1382,1303,4,02-06-18,02-09-18,02-08-18,2,6
1383,488,4,02-07-18,02-08-18,02-08-18,1,3
1384,1126,4,02-08-18,02-10-18,02-09-18,2,7
1385,866,4,02-08-18,02-11-18,02-09-18,3,9
1386,1254,4,02-09-18,02-10-18,02-11-18,1,2
1387,11,4,02-09-18,02-11-18,02-11-18,2,7
1388,323,4,02-09-18,02-12-18,02-12-18,2,7
1389,491,4,02-11-18,02-12-18,02-14-18,2,7
1390,63,4,02-12-18,02-13-18,02-13-18,2,7
1391,914,4,02-13-18,02-14-18,02-14-18,2,7
1392,1187,4,02-13-18,02-14-18,02-14-18,2,6
1393,547,4,02-14-18,02-15-18,02-15-18,2,7
1394,906,4,02-14-18,02-16-18,02-16-18,3,8
1395,1052,4,02-15-18,02-18-18,02-16-18,1,3
1396,856,4,02-15-18,02-18-18,02-16-18,2,7
1397,920,4,02-15-18,02-17-18,02-16-18,2,6
1398,1383,4,02-16-18,02-19-18,02-19-18,1,3
1399,146,4,02-16-18,02-18-18,02-18-18,2,6
1400,987,4,02-17-18,02-18-18,02-18-18,2,6
1401,15,4,02-18-18,02-19-18,02-20-18,2,7
1402,1171,4,02-19-18,02-21-18,02-21-18,2,6
1403,452,4,02-21-18,02-22-18,02-22-18,2,7
1404,1240,4,02-23-18,02-26-18,02-24-18,1,3
1405,100,4,02-25-18,02-28-18,02-27-18,2,6
1406,1053,4,02-25-18,02-27-18,02-27-18,2,7
1407,18,3,02-26-18,02-26-18,,2,6
1408,1172,4,02-26-18,02-27-18,03-01-18,2,6
1409,21,4,02-26-18,02-28-18,02-28-18,3,8
1410,1005,4,02-27-18,02-28-18,02-28-18,2,7
1411,109,4,03-01-18,03-02-18,03-02-18,1,2
1412,1043,4,03-01-18,03-02-18,03-04-18,2,7
1413,56,4,03-01-18,03-03-18,03-04-18,3,8
1414,293,4,03-03-18,03-05-18,03-06-18,2,7
1415,839,4,03-03-18,03-04-18,03-05-18,2,7
1416,566,4,03-03-18,03-04-18,03-06-18,3,8
1417,300,4,03-04-18,03-06-18,03-07-18,1,2
1418,364,4,03-04-18,03-05-18,03-07-18,2,6
1419,474,4,03-04-18,03-07-18,03-07-18,2,6
1420,838,4,03-04-18,03-05-18,03-07-18,2,7
1421,1176,4,03-05-18,03-07-18,03-07-18,2,7
1422,599,4,03-05-18,03-06-18,03-08-18,3,8
1423,1231,4,03-06-18,03-07-18,03-07-18,1,2
1424,1445,4,03-07-18,03-10-18,03-10-18,1,2
1425,126,4,03-07-18,03-09-18,03-09-18,2,6
1426,938,4,03-07-18,03-08-18,03-10-18,2,6
1427,999,4,03-07-18,03-08-18,03-08-18,2,6
1428,195,4,03-08-18,03-10-18,03-11-18,2,7
1429,1116,4,03-08-18,03-09-18,03-09-18,2,6
1430,1239,4,03-10-18,03-13-18,03-11-18,2,7
1431,308,4,03-11-18,03-12-18,03-14-18,2,6
1432,483,4,03-11-18,03-12-18,03-14-18,2,6
1433,1142,4,03-11-18,03-13-18,03-12-18,2,7
1434,595,4,03-14-18,03-16-18,03-16-18,2,6
1435,744,4,03-14-18,03-15-18,03-16-18,2,6
1436,1044,4,03-14-18,03-17-18,03-16-18,2,6
1437,518,4,03-15-18,03-16-18,03-16-18,1,2
1438,263,4,03-15-18,03-17-18,03-16-18,2,6
1439,463,4,03-15-18,03-16-18,03-17-18,2,7
1440,859,4,03-15-18,03-18-18,03-16-18,3,8
1441,982,4,03-15-18,03-16-18,03-18-18,3,8
1442,478,4,03-16-18,03-17-18,03-17-18,2,7
1443,972,4,03-16-18,03-17-18,03-17-18,2,7
1444,1154,4,03-16-18,03-17-18,03-19-18,2,6
1445,515,4,03-17-18,03-18-18,03-20-18,2,7
1446,820,4,03-17-18,03-18-18,03-18-18,2,6
1447,1419,4,03-18-18,03-20-18,03-20-18,1,3
1448,228,4,03-18-18,03-19-18,03-21-18,2,6
1449,330,4,03-18-18,03-19-18,03-20-18,2,7
1450,296,4,03-19-18,03-20-18,03-22-18,2,7
1451,822,4,03-19-18,03-22-18,03-20-18,2,6
1452,287,4,03-20-18,03-23-18,03-23-18,1,3
1453,601,4,03-20-18,03-23-18,03-22-18,1,3
1454,395,4,03-20-18,03-21-18,03-22-18,2,6
1455,405,4,03-20-18,03-22-18,03-21-18,2,6
1456,754,4,03-20-18,03-21-18,03-23-18,2,7
1457,1411,4,03-20-18,03-23-18,03-23-18,2,6
1458,1029,4,03-20-18,03-22-18,03-21-18,3,8
1459,9,4,03-21-18,03-22-18,03-22-18,2,7
1460,1131,4,03-21-18,03-23-18,03-23-18,2,7
1461,139,4,03-22-18,03-25-18,03-23-18,2,6
1462,1101,4,03-22-18,03-24-18,03-24-18,2,6
1463,692,4,03-23-18,03-24-18,03-24-18,2,7
1464,1279,4,03-24-18,03-25-18,03-25-18,2,7
1465,623,4,03-25-18,03-28-18,03-28-18,2,7
1466,738,4,03-26-18,03-29-18,03-28-18,1,3
1467,152,4,03-26-18,03-27-18,03-29-18,2,7
1468,3,4,03-27-18,03-30-18,03-29-18,1,2
1469,1135,4,03-27-18,03-28-18,03-30-18,3,8
1470,505,4,03-28-18,03-31-18,03-31-18,2,7
1471,1310,4,03-28-18,03-30-18,03-29-18,2,7
1472,114,4,03-29-18,03-30-18,03-31-18,2,6
1473,302,4,03-30-18,04-01-18,04-02-18,1,2
1474,816,4,03-30-18,04-01-18,04-02-18,1,3
1475,112,4,03-30-18,04-01-18,03-31-18,2,6
1476,35,4,03-31-18,04-01-18,04-01-18,2,7
1477,180,4,03-31-18,04-03-18,04-01-18,2,6
1478,392,4,03-31-18,04-02-18,04-02-18,2,6
1479,23,2,04-01-18,04-01-18,,2,7
1480,27,2,04-01-18,04-01-18,,2,7
1481,62,1,04-01-18,04-01-18,,2,6
1482,94,1,04-01-18,04-01-18,,2,7
1483,15,1,04-02-18,04-02-18,,2,7
1484,35,2,04-02-18,04-02-18,,2,6
1485,51,2,04-02-18,04-02-18,,2,7
1486,84,2,04-02-18,04-02-18,,2,7
1487,33,1,04-03-18,04-03-18,,1,3
1488,181,2,04-03-18,04-03-18,,1,3
1489,194,1,04-03-18,04-03-18,,1,3
1490,217,2,04-03-18,04-03-18,,1,3
1491,82,1,04-04-18,04-04-18,,1,3
1492,41,1,04-04-18,04-04-18,,2,7
1493,64,2,04-04-18,04-04-18,,3,8
1494,69,2,04-05-18,04-05-18,,1,3
1495,86,2,04-05-18,04-05-18,,2,7
1496,3,1,04-06-18,04-06-18,,1,3
1497,31,2,04-06-18,04-06-18,,1,2
1498,81,1,04-06-18,04-06-18,,1,2
1499,120,2,04-06-18,04-06-18,,1,2
1500,151,2,04-06-18,04-06-18,,1,3
1501,52,1,04-06-18,04-06-18,,2,6
1502,83,2,04-06-18,04-06-18,,2,6
1503,208,2,04-07-18,04-07-18,,1,3
1504,237,2,04-08-18,04-08-18,,1,2
1505,22,1,04-08-18,04-08-18,,2,7
1506,75,1,04-08-18,04-08-18,,2,7
1507,85,2,04-08-18,04-08-18,,2,6
1508,92,2,04-08-18,04-08-18,,2,6
1509,2,1,04-09-18,04-09-18,,1,3
1510,16,2,04-09-18,04-09-18,,2,6
1511,25,1,04-09-18,04-09-18,,2,6
1512,68,1,04-09-18,04-09-18,,3,9
1513,32,2,04-10-18,04-10-18,,1,2
1514,87,2,04-10-18,04-10-18,,1,3
1515,61,1,04-10-18,04-10-18,,3,9
1516,47,2,04-11-18,04-11-18,,1,3
1517,97,1,04-11-18,04-11-18,,1,2
1518,175,1,04-11-18,04-11-18,,1,2
1519,26,2,04-11-18,04-11-18,,2,7
1520,66,2,04-11-18,04-11-18,,3,8
1521,53,1,04-12-18,04-12-18,,1,3
1522,78,1,04-12-18,04-12-18,,1,3
1523,8,1,04-12-18,04-12-18,,2,7
1524,37,1,04-12-18,04-12-18,,2,6
1525,38,2,04-12-18,04-12-18,,2,7
1526,59,2,04-12-18,04-12-18,,2,7
1527,13,2,04-12-18,04-12-18,,3,9
1528,20,1,04-12-18,04-12-18,,3,8
1529,50,1,04-12-18,04-12-18,,3,8
1530,110,1,04-13-18,04-13-18,,1,2
1531,233,1,04-13-18,04-13-18,,1,2
1532,7,2,04-13-18,04-13-18,,2,7
1533,28,2,04-13-18,04-13-18,,2,6
1534,18,2,04-14-18,04-14-18,,2,7
1535,19,2,04-14-18,04-14-18,,2,7
1536,34,2,04-14-18,04-14-18,,2,7
1537,36,1,04-15-18,04-15-18,,2,6
1538,79,2,04-15-18,04-15-18,,2,6
1539,116,1,04-15-18,04-15-18,,3,9
1540,187,1,04-16-18,04-16-18,,1,2
1541,10,2,04-16-18,04-16-18,,2,7
1542,58,2,04-16-18,04-16-18,,2,6
1543,76,1,04-16-18,04-16-18,,2,6
1544,5,1,04-17-18,04-17-18,,1,2
1545,67,1,04-17-18,04-17-18,,1,3
1546,91,2,04-17-18,04-17-18,,1,3
1547,169,1,04-17-18,04-17-18,,1,3
1548,170,1,04-17-18,04-17-18,,1,2
1549,17,1,04-17-18,04-17-18,,2,7
1550,39,1,04-17-18,04-17-18,,2,6
1551,70,1,04-17-18,04-17-18,,2,7
1552,73,1,04-17-18,04-17-18,,2,7
1553,30,2,04-18-18,04-18-18,,1,3
1554,172,1,04-18-18,04-18-18,,1,3
1555,1,1,04-18-18,04-18-18,,2,7
1556,4,2,04-18-18,04-18-18,,2,6
1557,121,2,04-19-18,04-19-18,,1,3
1558,63,1,04-19-18,04-19-18,,2,6
1559,42,2,04-20-18,04-20-18,,2,6
1560,57,1,04-20-18,04-20-18,,2,7
1561,65,2,04-20-18,04-20-18,,2,7
1562,88,1,04-20-18,04-20-18,,2,7
1563,77,2,04-20-18,04-20-18,,3,9
1564,46,1,04-21-18,04-21-18,,1,3
1565,60,2,04-21-18,04-21-18,,1,2
1566,72,1,04-21-18,04-21-18,,1,3
1567,89,2,04-21-18,04-21-18,,1,2
1568,192,2,04-21-18,04-21-18,,1,3
1569,29,2,04-22-18,04-22-18,,2,7
1570,54,2,04-22-18,04-22-18,,2,7
1571,80,1,04-22-18,04-22-18,,2,7
1572,14,1,04-22-18,04-22-18,,3,9
1573,24,2,04-23-18,04-23-18,,1,2
1574,124,1,04-23-18,04-23-18,,1,2
1575,224,2,04-23-18,04-23-18,,1,3
1576,12,2,04-23-18,04-23-18,,2,7
1577,48,1,04-23-18,04-23-18,,2,7
1578,93,2,04-23-18,04-23-18,,2,7
1579,104,2,04-24-18,04-24-18,,1,2
1580,191,2,04-24-18,04-24-18,,1,2
1581,188,2,04-25-18,04-25-18,,1,2
1582,240,1,04-25-18,04-25-18,,1,3
1583,44,1,04-25-18,04-25-18,,2,6
1584,109,2,04-26-18,04-26-18,,1,3
1585,157,1,04-26-18,04-26-18,,1,3
1586,176,1,04-26-18,04-26-18,,1,2
1587,231,2,04-26-18,04-26-18,,1,2
1588,11,1,04-26-18,04-26-18,,2,6
1589,40,2,04-27-18,04-27-18,,1,3
1590,138,1,04-27-18,04-27-18,,1,3
1591,165,2,04-27-18,04-27-18,,1,2
1592,6,2,04-27-18,04-27-18,,2,7
1593,9,1,04-27-18,04-27-18,,2,6
1594,45,1,04-28-18,04-28-18,,2,7
1595,71,2,04-28-18,04-28-18,,2,7
1596,21,2,04-28-18,04-28-18,,3,8
1597,56,1,04-28-18,04-28-18,,3,9
1598,239,2,04-29-18,04-29-18,,1,3
1599,49,1,04-29-18,04-29-18,,2,7
1600,90,1,04-29-18,04-29-18,,2,6
1601,43,1,04-29-18,04-29-18,,3,8
1602,55,1,04-30-18,04-30-18,,2,6
1603,74,2,04-30-18,04-30-18,,2,6
1604,7,3,06-17-18,06-17-18,,2,7
1605,123,3,07-01-18,07-01-18,,3,8
1606,119,3,07-10-18,07-10-18,,3,8
1607,33,3,07-11-18,07-11-18,,1,2
1608,53,3,07-12-18,07-12-18,,1,2
1609,10,3,08-23-18,08-23-18,,2,7
1610,15,3,08-25-18,08-25-18,,2,7
1611,6,3,09-06-18,09-06-18,,2,7
1612,3,3,10-21-18,10-21-18,,1,3
1613,1,3,11-18-18,11-18-18,,2,6
1614,135,3,11-28-18,11-28-18,,3,8
1615,136,3,12-28-18,12-28-18,,3,8
